,loan product,status,amount,credit score,rent,monthly income,other income,debts,has debts,pays rent,has credit,dti
0,1,0,1000.0,700,0.0,1500.0,1500.0,512.0,1,0,1,17.07
1,2,0,300.0,0,0.0,2800.0,0.0,0.0,0,0,0,0.0
2,2,0,11450.0,600,0.0,4000.0,0.0,1187.0,1,0,1,29.68
3,4,0,30000.0,700,442.0,2300.0,0.0,293.0,1,1,1,12.74
4,1,0,7500.0,0,0.0,1650.0,250.0,0.0,0,0,0,0.0
5,4,0,7500.0,600,300.0,2080.0,0.0,0.0,0,1,1,0.0
6,2,0,2000.0,700,1211.0,3683.333,0.0,1089.0,1,1,1,29.57
7,1,0,10000.0,0,2400.0,4227.6,0.0,549.0,1,1,0,12.99
8,3,0,16000.0,700,1050.0,5085.167,0.0,1612.52,1,1,1,31.71
9,3,0,5000.0,0,750.0,1309.167,0.0,0.0,0,1,0,0.0
10,3,0,21000.0,600,300.0,6903.0,0.0,300.0,1,1,1,4.35
11,1,0,375000.0,800,850.0,3616.167,0.0,441.0,1,1,1,12.2
12,1,0,3000.0,600,1450.0,3640.0,0.0,20.0,1,1,1,0.55
13,1,0,3500.0,0,450.0,0.0,0.0,0.0,0,1,0,100.0
14,3,0,38786.0,600,0.0,4500.0,0.0,0.0,0,0,1,0.0
15,1,0,4000.0,600,500.0,3000.0,0.0,0.0,0,1,1,0.0
16,1,0,1500.0,600,400.0,975.0,0.0,0.0,0,1,1,0.0
17,1,0,10000.0,0,2500.0,750.0,0.0,0.0,0,1,0,0.0
18,3,0,20000.0,600,350.0,3500.0,0.0,1110.0,1,1,1,31.71
19,1,0,1500.0,600,350.0,2736.5,0.0,299.0,1,1,1,10.93
20,3,0,8000.0,600,1500.0,8000.0,0.0,0.0,0,1,1,0.0
21,1,0,500.0,0,300.0,3000.0,0.0,0.0,0,1,0,0.0
22,3,0,10000.0,700,300.0,4000.0,0.0,35.0,1,1,1,0.88
23,1,0,2000.0,600,0.0,3500.0,0.0,471.0,1,0,1,13.46
24,2,0,1000.0,0,0.0,1159.0,0.0,0.0,0,0,0,0.0
25,3,0,15000.0,0,900.0,4566.667,0.0,0.0,0,1,0,0.0
26,4,0,7650.0,0,300.0,5793.667,0.0,75.0,1,1,0,1.29
27,2,0,5000.0,700,500.0,3200.0,0.0,821.0,1,1,1,25.66
28,1,0,3000.0,600,0.0,1733.333,0.0,386.0,1,0,1,22.27
29,1,0,200.0,0,639.0,1286.0,0.0,0.0,0,1,0,0.0
30,1,0,5000.0,700,1450.0,2600.0,0.0,86.0,1,1,1,3.31
31,1,0,1000.0,0,906.0,0.0,0.0,0.0,0,1,0,100.0
32,2,0,500.0,600,0.0,1638.0,0.0,25.0,1,0,1,1.53
33,3,0,25000.0,700,0.0,837.0,0.0,65.0,1,0,1,7.77
34,3,0,10000.0,500,0.0,1529.167,0.0,1496.0,1,0,1,97.83
35,1,0,20000.0,600,1450.0,0.0,0.0,318.0,1,1,1,100.0
36,1,0,500.0,600,0.0,4333.333,0.0,0.0,0,0,1,0.0
37,1,0,2000.0,500,924.0,2600.0,0.0,1374.34,1,1,1,52.86
38,3,0,2600.0,600,500.0,2600.0,0.0,150.0,1,1,1,5.77
39,3,0,9656.0,0,1000.0,3600.0,0.0,0.0,0,1,0,0.0
40,3,0,19450.0,700,472.0,2600.0,0.0,389.96,1,1,1,15.0
41,1,0,6000.0,0,250.0,0.0,0.0,0.0,0,1,0,100.0
42,1,0,500.0,600,1000.0,0.0,0.0,85.0,1,1,1,100.0
43,3,0,10800.0,600,400.0,1473.333,0.0,0.0,0,1,1,0.0
44,4,0,170000.0,700,0.0,4000.0,0.0,687.0,1,0,1,17.18
45,3,0,20000.0,0,0.0,5000.0,0.0,0.0,0,0,0,0.0
46,1,0,15000.0,0,0.0,0.0,0.0,0.0,0,0,0,100.0
47,4,0,157250.0,700,0.0,3657.37,0.0,3095.0,1,0,1,84.62
48,3,0,16300.0,0,0.0,0.0,0.0,0.0,0,0,0,100.0
50,2,0,500.0,0,0.0,0.0,0.0,0.0,0,0,0,100.0
51,3,0,5000.0,0,0.0,2250.0,0.0,0.0,0,0,0,0.0
52,3,0,2000.0,0,0.0,0.0,0.0,0.0,0,0,0,100.0
53,1,0,20000.0,0,0.0,0.0,0.0,0.0,0,0,0,100.0
54,2,0,5000.0,700,0.0,2600.0,2600.0,1112.0,1,0,1,21.38
55,3,0,10000.0,0,0.0,0.0,0.0,0.0,0,0,0,100.0
56,4,0,2500.0,0,0.0,0.0,0.0,0.0,0,0,0,100.0
57,1,0,200.0,0,0.0,0.0,0.0,0.0,0,0,0,100.0
58,4,0,20000.0,0,0.0,0.0,0.0,0.0,0,0,0,100.0
59,1,0,1000.0,500,750.0,3250.0,0.0,117.0,1,1,1,3.6
60,1,0,4500.0,600,1045.0,7916.667,0.0,2214.0,1,1,1,27.97
61,1,0,10000.0,700,300.0,2036.667,0.0,1060.01,1,1,1,52.05
62,1,0,800.0,500,500.0,1800.0,0.0,100.0,1,1,1,5.56
63,1,0,2505.0,600,600.0,1282.667,0.0,166.0,1,1,1,12.94
64,3,0,25000.0,600,0.0,3605.333,0.0,0.0,0,0,1,0.0
65,1,0,4000.0,800,0.0,2997.0,2997.0,1100.0,1,0,1,18.35
66,1,0,500.0,600,1375.0,3640.0,0.0,663.0,1,1,1,18.21
67,1,0,56000.0,500,950.0,2708.333,0.0,166.01,1,1,1,6.13
68,1,0,3000.0,700,1500.0,2670.0,330.0,0.0,0,1,1,0.0
69,4,0,15000.0,700,0.0,8016.667,0.0,0.0,0,0,1,0.0
71,1,0,2500.0,600,412.0,3225.0,0.0,792.0,1,1,1,24.56
72,4,0,7500.0,600,550.0,2093.0,0.0,284.0,1,1,1,13.57
73,4,0,25500.0,600,375.0,4262.0,0.0,420.0,1,1,1,9.85
74,3,0,3711.96,0,0.0,0.0,0.0,0.0,0,0,0,100.0
75,1,0,2000.0,700,1100.0,3400.0,0.0,427.0,1,1,1,12.56
76,3,0,15000.0,600,675.0,4333.333,0.0,2021.0,1,1,1,46.64
77,1,0,1000.0,0,700.0,2564.0,664.0,0.0,0,1,0,0.0
78,2,0,500.0,0,200.0,600.0,0.0,0.0,0,1,0,0.0
79,3,0,6200.0,0,1065.0,3120.0,0.0,0.0,0,1,0,0.0
80,1,0,500.0,500,0.0,2409.333,0.0,121.0,1,0,1,5.02
81,1,0,6000.0,700,300.0,3746.167,0.0,795.0,1,1,1,21.22
82,4,0,6667.0,700,600.0,2933.33,333.33,142.42,1,1,1,4.36
83,1,0,1500.0,0,850.0,0.0,0.0,0.0,0,1,0,100.0
84,4,0,30000.0,800,300.0,3000.0,0.0,35.0,1,1,1,1.17
85,1,0,2600.0,0,400.0,3333.333,0.0,69.0,1,1,0,2.07
86,1,0,200000.0,800,0.0,5416.667,0.0,707.0,1,0,1,13.05
87,2,0,1000.0,0,500.0,2600.0,0.0,0.0,0,1,0,0.0
88,3,0,19000.0,700,400.0,0.0,0.0,431.0,1,1,1,100.0
89,3,0,6000.0,0,0.0,1144.0,0.0,0.0,0,0,0,0.0
90,1,0,3000.0,800,0.0,4000.0,0.0,1757.0,1,0,1,43.92
91,2,0,1000.0,600,749.0,3060.0,0.0,25.0,1,1,1,0.82
92,1,0,200.0,600,1153.0,1200.0,0.0,117.0,1,1,1,9.75
93,1,0,1500.0,600,1436.74,4380.0,0.0,2463.59,1,1,1,56.25
94,1,0,1000.0,800,0.0,8233.333,0.0,75.0,1,0,1,0.91
95,1,0,3400.0,700,0.0,1625.0,0.0,230.0,1,0,1,14.15
96,3,0,17000.0,700,1200.0,1300.0,0.0,316.77,1,1,1,24.37
97,2,0,2000.0,700,400.0,2590.0,0.0,25.0,1,1,1,0.97
98,3,0,37000.0,700,1200.0,3800.0,0.0,20.0,1,1,1,0.53
99,3,0,18000.0,600,1118.0,4506.667,0.0,218.15,1,1,1,4.84
100,2,0,10000.0,600,1200.0,0.0,0.0,94.0,1,1,1,100.0
101,2,0,3500.0,600,852.0,2400.0,0.0,494.0,1,1,1,20.58
102,4,0,27000.0,700,0.0,5000.0,0.0,373.0,1,0,1,7.46
103,3,0,21000.0,0,150.0,1700.0,0.0,0.0,0,1,0,0.0
104,1,0,3000.0,600,0.0,4966.672,0.0,475.0,1,0,1,9.56
105,2,0,3000.0,700,450.0,2600.0,0.0,489.0,1,1,1,18.81
106,2,0,1000.0,600,0.0,3163.0,0.0,902.0,1,0,1,28.52
107,1,0,2500.0,600,960.0,6000.0,0.0,61.78,1,1,1,1.03
108,3,0,38314.04,500,0.0,7800.0,0.0,140.0,1,0,1,1.79
109,1,0,20000.0,700,500.0,4000.0,0.0,30.0,1,1,1,0.75
110,1,0,2000.0,0,0.0,0.0,0.0,0.0,0,0,0,100.0
111,3,0,20000.0,0,0.0,0.0,0.0,0.0,0,0,0,100.0
112,1,0,3000.0,0,0.0,0.0,0.0,0.0,0,0,0,100.0
113,3,0,200.0,0,0.0,0.0,0.0,0.0,0,0,0,100.0
114,3,0,25000.0,800,0.0,700.0,700.0,148.0,1,0,1,10.57
115,3,0,800.0,0,0.0,0.0,0.0,0.0,0,0,0,100.0
116,1,0,3000.0,0,0.0,0.0,0.0,0.0,0,0,0,100.0
117,1,0,2000.0,600,329.0,2145.0,0.0,0.0,0,1,1,0.0
118,3,0,9000.0,0,0.0,0.0,0.0,0.0,0,0,0,100.0
119,1,0,800.0,600,300.0,0.0,0.0,0.0,0,1,1,100.0
120,1,0,8000.0,0,0.0,0.0,0.0,0.0,0,0,0,100.0
121,1,0,1000.0,700,700.0,1000.0,0.0,184.0,1,1,1,18.4
122,1,0,7000.0,600,150.0,1475.0,1475.0,337.0,1,1,1,11.42
123,2,0,600.0,0,0.0,0.0,0.0,0.0,0,0,0,100.0
124,1,0,500.0,0,0.0,0.0,0.0,0.0,0,0,0,100.0
125,1,0,8500.0,0,0.0,0.0,0.0,0.0,0,0,0,100.0
126,1,0,2500.0,600,0.0,0.0,0.0,43.0,1,0,1,100.0
127,1,0,2000.0,700,1867.0,2618.0,0.0,587.0,1,1,1,22.42
128,4,0,18000.0,700,500.0,2720.0,0.0,1202.0,1,1,1,44.19
129,2,0,1000.0,600,0.0,1956.5,0.0,140.45,1,0,1,7.18
130,4,0,14000.0,700,0.0,5538.0,0.0,2959.88,1,0,1,53.45
131,1,0,15000.0,800,0.0,2993.0,393.0,105.0,1,0,1,3.1
132,1,0,5000.0,700,550.0,1161.333,0.0,0.0,0,1,1,0.0
133,2,0,1000.0,0,1200.0,7000.0,0.0,549.0,1,1,0,7.84
134,1,0,2000.0,600,530.0,2350.0,0.0,133.0,1,1,1,5.66
135,2,0,1800.0,500,0.0,2775.0,0.0,652.0,1,0,1,23.5
136,3,0,19000.0,600,1050.0,5200.0,0.0,148.0,1,1,1,2.85
137,1,0,3871.92,500,450.0,2552.0,0.0,608.0,1,1,1,23.82
138,1,0,2755.0,600,850.0,4000.0,0.0,25.0,1,1,1,0.62
139,3,0,30000.0,700,300.0,1888.0,0.0,119.0,1,1,1,6.3
140,4,0,10000.0,600,100.0,5333.333,1000.0,0.0,0,1,1,0.0
141,3,0,10000.0,500,1100.0,3000.0,0.0,379.0,1,1,1,12.63
142,1,0,7000.0,600,1000.0,1800.0,0.0,366.9,1,1,1,20.38
143,1,0,500.0,0,480.0,1160.0,1160.0,0.0,0,1,0,0.0
144,1,0,5000.0,0,1100.0,2166.667,0.0,0.0,0,1,0,0.0
145,1,0,3000.0,600,500.0,1733.333,0.0,219.0,1,1,1,12.63
146,1,0,5000.0,600,950.0,6933.333,0.0,1079.0,1,1,1,15.56
147,4,0,3500.0,500,550.0,3000.0,0.0,74.0,1,1,1,2.47
148,1,0,10000.0,500,0.0,3200.0,0.0,1560.0,1,0,1,48.75
149,1,0,1500.0,600,500.0,1000.0,0.0,0.0,0,1,1,0.0
150,1,0,4000.0,700,1050.0,2500.0,0.0,1612.52,1,1,1,64.5
151,1,0,2000.0,500,850.0,1180.0,0.0,0.0,0,1,1,0.0
152,1,0,6000.0,600,0.0,4281.333,0.0,120.0,1,0,1,2.8
153,3,0,29342.06,600,0.0,4000.0,0.0,1864.66,1,0,1,46.62
154,1,0,3500.0,0,50.0,4333.333,0.0,0.0,0,1,0,0.0
155,3,0,20000.0,600,400.0,8000.0,0.0,65.0,1,1,1,0.81
156,1,0,1200.0,600,415.0,1800.0,0.0,625.0,1,1,1,34.72
157,3,0,2500.0,0,1165.0,2080.0,0.0,0.0,0,1,0,0.0
158,3,0,11000.0,0,1600.0,3900.0,0.0,0.0,0,1,0,0.0
159,1,0,3000.0,600,1365.0,3100.0,0.0,0.0,0,1,1,0.0
160,1,0,10000.0,600,700.0,2650.0,0.0,404.0,1,1,1,15.25
161,1,0,3000.0,0,0.0,1200.0,0.0,0.0,0,0,0,0.0
162,1,0,1400.0,0,850.0,1906.667,0.0,0.0,0,1,0,0.0
163,3,0,14000.0,600,1100.0,15634.667,0.0,0.0,0,1,1,0.0
164,3,0,6000.0,600,400.0,2275.0,0.0,0.0,0,1,1,0.0
165,1,0,1200.0,600,350.0,1712.0,0.0,119.0,1,1,1,6.95
166,4,0,8000.0,600,700.0,4550.0,0.0,470.0,1,1,1,10.33
167,1,0,27000.0,0,1250.0,4990.0,0.0,0.0,0,1,0,0.0
168,1,0,500.0,600,365.0,1205.0,1205.0,0.0,0,1,1,0.0
169,4,0,30000.0,500,1400.0,1600.0,0.0,0.0,0,1,1,0.0
170,1,0,5000.0,0,0.0,0.0,0.0,0.0,0,0,0,100.0
171,1,0,500.0,500,400.0,2240.0,0.0,1870.0,1,1,1,83.48
172,4,0,193885.0,0,0.0,0.0,0.0,0.0,0,0,0,100.0
173,1,0,8000.0,0,0.0,0.0,0.0,0.0,0,0,0,100.0
174,1,0,15000.0,600,704.0,3588.0,0.0,958.0,1,1,1,26.7
175,3,0,8000.0,0,0.0,0.0,0.0,0.0,0,0,0,100.0
176,1,0,4500.0,0,0.0,0.0,0.0,0.0,0,0,0,100.0
177,1,0,5000.0,0,300.0,1352.0,0.0,0.0,0,1,0,0.0
178,3,0,8000.0,500,0.0,0.0,0.0,40.0,1,0,1,100.0
179,4,0,18900.0,700,0.0,2946.75,0.0,3962.0,1,0,1,134.45
180,1,0,500.0,0,350.0,1600.0,0.0,0.0,0,1,0,0.0
181,3,0,40000.0,700,905.0,2773.333,0.0,15.0,1,1,1,0.54
182,1,0,3500.0,0,0.0,0.0,0.0,0.0,0,0,0,100.0
183,1,0,20000.0,700,700.0,4000.0,0.0,474.0,1,1,1,11.85
184,1,0,3000.0,0,300.0,2600.0,0.0,0.0,0,1,0,0.0
185,4,0,6000.0,0,0.0,0.0,0.0,0.0,0,0,0,100.0
186,2,0,500.0,0,200.0,0.0,0.0,0.0,0,1,0,100.0
187,1,0,3000.0,600,0.0,5461.0,1790.0,1283.0,1,0,1,17.69
188,1,0,25000.0,0,0.0,0.0,0.0,0.0,0,0,0,100.0
189,1,0,2000.0,500,924.0,3900.0,0.0,173.0,1,1,1,4.44
190,2,0,2000.0,600,850.0,4056.0,0.0,3692.18,1,1,1,91.03
191,3,0,5000.0,0,0.0,0.0,0.0,0.0,0,0,0,100.0
192,3,0,2000.0,0,300.0,2300.0,0.0,0.0,0,1,0,0.0
193,1,0,500.0,0,0.0,2250.0,0.0,0.0,0,0,0,0.0
194,3,0,8500.0,0,0.0,0.0,0.0,0.0,0,0,0,100.0
195,1,0,3500.0,0,0.0,0.0,0.0,0.0,0,0,0,100.0
196,3,0,6000.0,700,200.0,842.0,842.0,130.0,1,1,1,7.72
197,3,0,13000.0,600,376.0,1535.0,1535.0,328.0,1,1,1,10.68
198,1,0,3000.0,600,1300.0,6933.333,0.0,0.0,0,1,1,0.0
199,1,0,500.0,600,0.0,8430.0,0.0,0.0,0,0,1,0.0
200,1,0,500.0,0,300.0,3293.333,0.0,0.0,0,1,0,0.0
201,1,0,750.0,0,300.0,2166.667,0.0,0.0,0,1,0,0.0
202,4,0,10000.0,600,500.0,4680.0,0.0,0.0,0,1,1,0.0
203,4,0,5400.0,600,550.0,2600.0,0.0,284.0,1,1,1,10.92
204,1,0,1000.0,0,498.0,2058.0,2058.0,0.0,0,1,0,0.0
205,3,0,3000.0,500,900.0,1800.0,0.0,582.0,1,1,1,32.33
206,1,0,1000.0,0,1075.0,100.0,0.0,0.0,0,1,0,0.0
207,1,0,25000.0,600,0.0,3000.0,0.0,201.79,1,0,1,6.73
208,1,0,25000.0,600,0.0,1500.0,0.0,0.0,0,0,1,0.0
209,3,0,18000.0,600,749.0,5600.0,0.0,154.0,1,1,1,2.75
210,4,0,15000.0,0,300.0,3358.333,0.0,0.0,0,1,0,0.0
211,1,0,350.0,0,300.0,1253.0,1253.0,0.0,0,1,0,0.0
212,1,0,1000.0,600,438.0,1690.0,0.0,24.36,1,1,1,1.44
213,2,0,0.0,0,0.0,0.0,0.0,85.0,1,0,0,100.0
214,1,0,2500.0,0,600.0,2329.167,0.0,0.0,0,1,0,0.0
215,4,0,14875.0,600,1000.0,8450.0,0.0,998.74,1,1,1,11.82
216,1,0,1000.0,600,300.0,1352.0,1352.0,0.0,0,1,1,0.0
217,2,0,4000.0,600,1200.0,3033.333,0.0,436.0,1,1,1,14.37
218,1,0,400.0,600,1200.0,1700.0,0.0,0.0,0,1,1,0.0
219,3,0,41381.13,700,471.0,4090.0,1090.0,736.59,1,1,1,14.22
220,1,0,7000.0,0,0.0,3900.0,800.0,0.0,0,0,0,0.0
221,2,0,250.0,0,300.0,1300.0,0.0,0.0,0,1,0,0.0
222,1,0,2000.0,500,1430.0,3800.0,0.0,342.0,1,1,1,9.0
223,1,0,5000.0,0,400.0,2686.667,0.0,169.0,1,1,0,6.29
224,1,0,2000.0,0,850.0,1195.0,1195.0,0.0,0,1,0,0.0
225,1,0,28000.0,700,0.0,5380.0,0.0,1581.88,1,0,1,29.4
226,2,0,1000.0,500,1050.0,6066.667,0.0,705.0,1,1,1,11.62
227,1,0,2000.0,500,1525.0,2600.0,0.0,729.65,1,1,1,28.06
228,1,0,25000.0,0,0.0,7500.0,0.0,0.0,0,0,0,0.0
229,1,0,3500.0,0,257.0,0.0,0.0,85.0,1,1,0,100.0
230,1,0,3000.0,600,1375.0,2883.333,0.0,0.0,0,1,1,0.0
231,1,0,100000.0,700,0.0,3141.667,0.0,1818.6,1,0,1,57.89
232,1,0,3200.0,600,0.0,1659.667,0.0,0.0,0,0,1,0.0
233,3,0,3200.0,600,381.0,1490.0,0.0,258.0,1,1,1,17.32
234,3,0,2900.0,600,1825.0,1344.0,0.0,382.0,1,1,1,28.42
235,1,0,6000.0,700,1250.0,2300.0,0.0,216.0,1,1,1,9.39
236,1,0,13500.0,600,400.0,1277.0,477.0,22.14,1,1,1,1.26
237,1,0,1000.0,0,0.0,2426.667,0.0,0.0,0,0,0,0.0
238,1,0,5000.0,600,350.0,2166.667,0.0,404.0,1,1,1,18.65
239,1,0,10000.0,700,0.0,3900.0,0.0,1578.0,1,0,1,40.46
240,2,0,2000.0,600,1131.0,3400.0,0.0,230.0,1,1,1,6.76
241,3,0,0.0,800,300.0,2600.0,0.0,35.0,1,1,1,1.35
242,2,0,1000.0,600,850.0,1651.0,1651.0,0.0,0,1,1,0.0
243,4,0,7735.0,600,500.0,3000.0,0.0,25.0,1,1,1,0.83
244,4,0,95000.0,600,0.0,8438.0,0.0,1593.0,1,0,1,18.88
245,1,0,3800.0,500,0.0,4069.0,0.0,512.0,1,0,1,12.58
246,1,0,5500.0,600,300.0,2340.0,0.0,0.0,0,1,1,0.0
247,1,0,3500.0,0,0.0,0.0,0.0,0.0,0,0,0,100.0
248,1,0,1000.0,0,0.0,0.0,0.0,0.0,0,0,0,100.0
249,1,0,1000.0,0,0.0,0.0,0.0,0.0,0,0,0,100.0
250,1,0,300.0,0,0.0,0.0,0.0,0.0,0,0,0,100.0
251,1,0,4412.02,0,0.0,0.0,0.0,0.0,0,0,0,100.0
252,1,0,2500.0,0,0.0,0.0,0.0,0.0,0,0,0,100.0
253,3,0,23000.0,0,0.0,0.0,0.0,0.0,0,0,0,100.0
254,1,0,1500.0,0,300.0,1733.333,0.0,0.0,0,1,0,0.0
255,1,0,6000.0,0,0.0,0.0,0.0,0.0,0,0,0,100.0
256,3,0,15125.0,0,0.0,0.0,0.0,0.0,0,0,0,100.0
257,1,0,1000.0,0,0.0,0.0,0.0,0.0,0,0,0,100.0
258,3,0,7000.0,0,0.0,0.0,0.0,0.0,0,0,0,100.0
259,3,0,17000.0,0,0.0,0.0,0.0,0.0,0,0,0,100.0
260,1,0,500.0,0,0.0,0.0,0.0,0.0,0,0,0,100.0
261,1,0,1000.0,600,0.0,1250.0,0.0,0.0,0,0,1,0.0
262,3,0,2523.16,700,1000.0,1907.25,0.0,0.0,0,1,1,0.0
263,1,0,10000.0,700,500.0,4000.0,0.0,57.0,1,1,1,1.43
264,3,0,29500.0,700,850.0,4333.333,0.0,0.0,0,1,1,0.0
265,3,0,32000.0,600,750.0,1600.0,0.0,331.13,1,1,1,20.7
266,3,0,32710.0,700,0.0,1200.0,0.0,124.31,1,0,1,10.36
267,3,0,30000.0,600,500.0,2856.0,0.0,0.0,0,1,1,0.0
268,1,0,1000.0,0,600.0,1025.0,0.0,0.0,0,1,0,0.0
269,1,0,4000.0,0,1100.0,2383.333,0.0,50.0,1,1,0,2.1
270,1,0,100000.0,500,10000.0,2166.667,0.0,3514.0,1,1,1,162.18
271,2,0,7000.0,600,0.0,4000.0,0.0,65.0,1,0,1,1.62
272,1,0,10000.0,600,0.0,1250.0,0.0,3808.0,1,0,1,304.64
273,4,0,28000.0,0,300.0,3800.0,0.0,0.0,0,1,0,0.0
274,1,0,400.0,0,0.0,3000.0,0.0,0.0,0,0,0,0.0
275,2,0,5000.0,600,0.0,1246.0,0.0,249.0,1,0,1,19.98
276,2,0,4000.0,600,350.0,3800.0,0.0,473.0,1,1,1,12.45
277,3,0,12000.0,500,1150.0,3575.0,0.0,170.0,1,1,1,4.76
278,2,0,500.0,0,300.0,2503.8,0.0,0.0,0,1,0,0.0
279,4,0,20000.0,600,750.0,12000.0,0.0,615.0,1,1,1,5.12
280,3,0,9300.0,800,0.0,2100.0,0.0,541.0,1,0,1,25.76
281,1,0,1000.0,0,1315.0,1315.0,1315.0,0.0,0,1,0,0.0
282,1,0,1500.0,0,0.0,1159.167,0.0,0.0,0,0,0,0.0
283,3,0,10000.0,0,500.0,500.0,0.0,0.0,0,1,0,0.0
284,2,0,2000.0,600,700.0,5808.0,0.0,2554.0,1,1,1,43.97
285,4,0,25000.0,700,0.0,6902.0,0.0,4233.0,1,0,1,61.33
286,2,0,5000.0,700,100.0,2453.333,0.0,50.0,1,1,1,2.04
287,1,0,40000.0,0,1500.0,6000.0,0.0,0.0,0,1,0,0.0
288,1,0,5000.0,600,300.0,3655.167,0.0,294.0,1,1,1,8.04
289,1,0,2000.0,700,900.0,2900.0,0.0,0.0,0,1,1,0.0
290,2,0,1000.0,600,100.0,0.0,0.0,30.0,1,1,1,100.0
291,4,0,24000.0,700,0.0,7000.0,0.0,1351.0,1,0,1,19.3
292,1,0,6000.0,600,0.0,6500.0,0.0,396.24,1,0,1,6.1
293,3,0,45000.0,700,682.0,2600.0,0.0,2566.0,1,1,1,98.69
294,2,0,300.0,0,50.0,0.0,0.0,0.0,0,1,0,100.0
295,1,0,0.0,0,0.0,794.0,0.0,0.0,0,0,0,0.0
296,3,0,27000.0,700,900.0,3033.333,0.0,1263.0,1,1,1,41.64
297,1,0,4000.0,0,0.0,0.0,0.0,0.0,0,0,0,100.0
298,4,0,38831.98,0,0.0,0.0,0.0,0.0,0,0,0,100.0
299,2,0,1000.0,0,110.0,0.0,0.0,0.0,0,1,0,100.0
300,1,0,4000.0,0,0.0,1075.0,1075.0,0.0,0,0,0,0.0
301,1,0,1500.0,0,0.0,2750.0,0.0,0.0,0,0,0,0.0
302,3,0,2300.0,0,0.0,2500.0,0.0,0.0,0,0,0,0.0
303,3,0,6500.0,0,0.0,0.0,0.0,0.0,0,0,0,100.0
304,3,0,5000.0,600,950.0,3683.333,0.0,0.0,0,1,1,0.0
305,1,0,5000.0,700,300.0,4000.0,0.0,945.0,1,1,1,23.62
306,1,0,4000.0,0,0.0,0.0,0.0,0.0,0,0,0,100.0
307,1,0,200.0,0,0.0,0.0,0.0,0.0,0,0,0,100.0
308,3,0,22711.0,0,0.0,0.0,0.0,0.0,0,0,0,100.0
309,2,0,3000.0,700,0.0,0.0,0.0,498.0,1,0,1,100.0
310,1,0,500.0,0,0.0,0.0,0.0,0.0,0,0,0,100.0
311,3,0,17250.0,500,0.0,3500.0,0.0,1031.0,1,0,1,29.46
312,1,0,8500.0,0,0.0,0.0,0.0,0.0,0,0,0,100.0
313,1,0,500.0,0,0.0,0.0,0.0,0.0,0,0,0,100.0
314,3,0,5500.0,0,0.0,0.0,0.0,0.0,0,0,0,100.0
315,1,0,1500.0,0,0.0,0.0,0.0,0.0,0,0,0,100.0
316,2,0,600.0,0,0.0,0.0,0.0,0.0,0,0,0,100.0
317,2,0,0.0,0,0.0,0.0,0.0,0.0,0,0,0,100.0
318,3,0,8000.0,0,0.0,0.0,0.0,0.0,0,0,0,100.0
319,3,0,10000.0,0,0.0,0.0,0.0,0.0,0,0,0,100.0
320,3,0,25000.0,500,0.0,2600.0,0.0,512.0,1,0,1,19.69
321,1,0,500.0,600,650.0,8666.667,0.0,479.43,1,1,1,5.53
322,3,0,32000.0,500,1200.0,5350.0,0.0,408.0,1,1,1,7.63
323,3,0,8000.0,500,2025.0,3127.0,0.0,1378.0,1,1,1,44.07
324,1,0,3000.0,600,0.0,6666.667,0.0,3681.0,1,0,1,55.21
325,3,0,13728.0,600,200.0,3500.0,0.0,115.0,1,1,1,3.29
326,4,0,170000.0,0,300.0,2080.0,0.0,0.0,0,1,0,0.0
327,3,0,15000.0,500,300.0,2522.81,0.0,0.0,0,1,1,0.0
328,1,0,850.0,0,900.0,1750.667,0.0,0.0,0,1,0,0.0
329,1,0,10000.0,0,500.0,500.0,0.0,0.0,0,1,0,0.0
330,3,0,36000.0,700,300.0,1950.0,0.0,611.0,1,1,1,31.33
331,3,0,2500.0,600,830.0,2600.0,0.0,259.0,1,1,1,9.96
332,1,0,5000.0,600,0.0,29250.0,0.0,0.0,0,0,1,0.0
333,3,0,15000.0,500,0.0,3358.333,0.0,0.0,0,0,1,0.0
334,4,0,2000.0,0,800.0,3163.0,0.0,0.0,0,1,0,0.0
335,4,0,13500.0,700,0.0,5373.107,1256.44,4026.0,1,0,1,60.73
336,1,0,1200.0,600,0.0,1300.0,0.0,0.0,0,0,1,0.0
337,4,0,51000.0,600,200.0,6716.667,0.0,71.0,1,1,1,1.06
338,1,0,2000.0,500,600.0,4550.0,0.0,478.0,1,1,1,10.51
339,1,0,1000.0,600,300.0,0.0,0.0,0.0,0,1,1,100.0
340,1,0,500.0,0,1300.0,0.0,0.0,0.0,0,1,0,100.0
341,3,0,0.0,0,600.0,1682.0,0.0,0.0,0,1,0,0.0
342,1,0,2500.0,700,2230.0,3120.0,0.0,392.0,1,1,1,12.56
343,1,0,2000.0,600,800.0,0.0,0.0,508.0,1,1,1,100.0
344,3,0,7200.0,700,300.0,4333.333,0.0,30.0,1,1,1,0.69
345,1,0,1500.0,700,905.0,2200.0,0.0,335.0,1,1,1,15.23
346,2,0,15000.0,700,671.0,3260.0,0.0,854.0,1,1,1,26.2
347,3,0,9656.0,600,1040.0,2500.0,0.0,0.0,0,1,1,0.0
348,1,0,6000.0,600,1040.0,0.0,0.0,0.0,0,1,1,100.0
349,1,0,500.0,0,100.0,1625.0,0.0,0.0,0,1,0,0.0
350,4,0,12000.0,0,458.0,1200.0,0.0,0.0,0,1,0,0.0
351,3,0,12500.0,700,1700.0,5600.0,0.0,1349.21,1,1,1,24.09
352,1,0,4000.0,600,500.0,3384.333,0.0,617.0,1,1,1,18.23
353,4,0,10000.0,600,1100.0,4766.667,0.0,80.0,1,1,1,1.68
354,2,0,300.0,700,4005.0,5000.0,0.0,186.76,1,1,1,3.74
355,1,0,5000.0,0,105.0,0.0,2200.0,0.0,0,1,0,0.0
356,4,0,35000.0,600,852.0,3033.333,0.0,406.0,1,1,1,13.38
357,1,0,4300.0,600,450.0,6701.333,0.0,1236.86,1,1,1,18.46
358,3,0,6000.0,0,300.0,2600.0,0.0,0.0,0,1,0,0.0
359,4,0,12400.0,0,0.0,0.0,0.0,0.0,0,0,0,100.0
360,4,0,25350.0,0,0.0,0.0,0.0,0.0,0,0,0,100.0
361,4,0,100000.0,600,0.0,2300.0,0.0,552.0,1,0,1,24.0
362,4,0,8500.0,0,0.0,0.0,0.0,0.0,0,0,0,100.0
363,1,0,1500.0,0,0.0,1122.22,0.0,0.0,0,0,0,0.0
364,3,0,12000.0,0,750.0,1450.0,0.0,0.0,0,1,0,0.0
365,1,0,1000.0,0,0.0,0.0,0.0,0.0,0,0,0,100.0
366,3,0,8000.0,0,0.0,0.0,0.0,0.0,0,0,0,100.0
367,3,0,17000.0,0,0.0,0.0,0.0,0.0,0,0,0,100.0
368,1,0,150000.0,0,0.0,0.0,0.0,0.0,0,0,0,100.0
369,1,0,10000.0,0,0.0,0.0,0.0,0.0,0,0,0,100.0
370,1,0,2000.0,600,300.0,3033.333,0.0,437.0,1,1,1,14.41
371,1,0,5000.0,600,932.0,0.0,0.0,309.0,1,1,1,100.0
372,3,0,6300.0,0,0.0,0.0,0.0,0.0,0,0,0,100.0
373,1,0,15000.0,0,0.0,0.0,0.0,0.0,0,0,0,100.0
374,3,0,2000.0,0,0.0,2500.0,0.0,0.0,0,0,0,0.0
375,1,0,1500.0,0,0.0,0.0,0.0,0.0,0,0,0,100.0
376,4,0,10630.0,0,0.0,0.0,0.0,0.0,0,0,0,100.0
377,1,0,1000.0,0,0.0,0.0,0.0,0.0,0,0,0,100.0
378,1,0,700.0,500,1200.0,1700.0,0.0,0.0,0,1,1,0.0
379,2,0,3000.0,0,0.0,0.0,0.0,0.0,0,0,0,100.0
380,3,0,20000.0,0,0.0,9360.0,0.0,0.0,0,0,0,0.0
381,2,0,500.0,700,1165.0,3344.0,0.0,276.0,1,1,1,8.25
382,4,0,35000.0,700,400.0,3520.833,0.0,143.0,1,1,1,4.06
384,3,0,5000.0,600,850.0,4000.0,0.0,25.0,1,1,1,0.62
385,1,0,10000.0,700,0.0,7366.667,0.0,1473.0,1,0,1,20.0
386,1,0,42000.0,0,1273.0,2424.5,0.0,0.0,0,1,0,0.0
387,1,0,500.0,500,950.0,3526.667,1100.0,166.01,1,1,1,3.59
388,1,0,250.0,600,1250.0,2704.0,0.0,0.0,0,1,1,0.0
389,1,0,1000.0,600,100.0,4500.0,0.0,71.0,1,1,1,1.58
390,3,0,11500.0,700,360.0,1450.0,1450.0,332.0,1,1,1,11.45
391,3,0,8000.0,800,900.0,1950.0,0.0,0.0,0,1,1,0.0
392,3,0,28812.0,600,750.0,4044.0,0.0,0.0,0,1,1,0.0
393,3,0,12000.0,700,300.0,2881.493,0.0,1070.09,1,1,1,37.14
394,1,0,3000.0,600,0.0,2081.0,181.0,846.0,1,0,1,37.4
395,4,0,70000.0,600,375.0,4262.0,0.0,420.0,1,1,1,9.85
396,3,0,16728.0,700,0.0,2494.4,0.0,15.0,1,0,1,0.6
397,1,0,4000.0,600,0.0,3333.333,0.0,764.0,1,0,1,22.92
398,1,0,21000.0,600,0.0,10085.0,1085.0,5510.0,1,0,1,49.33
399,1,0,6000.0,600,0.0,2600.0,0.0,0.0,0,0,1,0.0
400,4,0,6667.0,700,600.0,2933.33,333.33,142.42,1,1,1,4.36
401,3,0,20000.0,600,0.0,3600.0,0.0,1635.88,1,0,1,45.44
402,3,0,15000.0,700,110.0,2223.0,2223.0,547.14,1,1,1,12.31
403,3,0,35000.0,500,1100.0,2600.0,0.0,87.0,1,1,1,3.35
404,1,0,300.0,0,270.0,600.0,0.0,0.0,0,1,0,0.0
405,1,0,10000.0,600,677.0,4500.0,0.0,1017.0,1,1,1,22.6
406,1,0,1000.0,0,2000.0,2600.0,0.0,0.0,0,1,0,0.0
407,1,0,3000.0,600,0.0,1100.0,0.0,90.0,1,0,1,8.18
408,2,0,300.0,0,900.0,1400.0,0.0,0.0,0,1,0,0.0
409,1,0,1500.0,600,400.0,3141.667,0.0,0.0,0,1,1,0.0
410,1,0,2500.0,600,0.0,3726.667,0.0,30.0,1,0,1,0.81
411,2,0,1500.0,600,200.0,1440.0,790.0,25.0,1,1,1,1.12
412,2,0,500.0,0,400.0,4200.0,0.0,0.0,0,1,0,0.0
413,4,0,3000.0,0,402.0,1156.0,0.0,0.0,0,1,0,0.0
414,1,0,500.0,0,0.0,0.0,0.0,0.0,0,0,0,100.0
415,3,0,5000.0,0,1168.0,1950.0,0.0,0.0,0,1,0,0.0
416,1,0,500.0,600,1200.0,0.0,0.0,30.0,1,1,1,100.0
417,3,0,7500.0,700,400.0,2000.0,2000.0,91.0,1,1,1,2.27
418,3,0,23500.0,600,200.0,4000.0,0.0,62.0,1,1,1,1.55
419,1,0,6000.0,700,0.0,1000.0,500.0,423.0,1,0,1,28.2
420,1,0,2000.0,500,0.0,2925.0,0.0,889.0,1,0,1,30.39
421,1,0,9000.0,600,600.0,4000.0,0.0,1113.17,1,1,1,27.83
422,2,0,1500.0,700,1025.0,0.0,0.0,353.0,1,1,1,100.0
423,4,0,14900.0,600,850.0,3780.67,0.0,688.0,1,1,1,18.2
424,4,0,26000.0,0,0.0,0.0,0.0,0.0,0,0,0,100.0
425,3,0,13000.0,0,0.0,0.0,0.0,0.0,0,0,0,100.0
426,1,0,1000.0,0,0.0,0.0,0.0,0.0,0,0,0,100.0
427,1,0,1000.0,0,0.0,0.0,0.0,0.0,0,0,0,100.0
428,3,0,43000.0,700,300.0,2600.0,0.0,177.0,1,1,1,6.81
429,1,0,1500.0,600,275.0,3506.0,0.0,0.0,0,1,1,0.0
430,4,0,15000.0,600,0.0,8000.0,0.0,243.0,1,0,1,3.04
431,4,0,50000.0,600,1200.0,1500.0,0.0,0.0,0,1,1,0.0
432,3,0,6500.0,0,0.0,0.0,0.0,0.0,0,0,0,100.0
433,3,0,27270.0,600,0.0,7000.0,0.0,672.0,1,0,1,9.6
434,1,0,1500.0,0,0.0,0.0,0.0,0.0,0,0,0,100.0
435,2,0,0.0,0,0.0,0.0,0.0,0.0,0,0,0,100.0
436,3,0,11245.0,0,0.0,0.0,0.0,0.0,0,0,0,100.0
437,1,0,700.0,0,0.0,0.0,0.0,0.0,0,0,0,100.0
438,3,0,8500.0,0,0.0,0.0,0.0,0.0,0,0,0,100.0
439,1,0,8000.0,0,0.0,0.0,0.0,0.0,0,0,0,100.0
440,1,0,300.0,0,0.0,0.0,0.0,0.0,0,0,0,100.0
441,4,0,14450.0,0,0.0,0.0,0.0,0.0,0,0,0,100.0
442,4,0,48000.0,600,250.0,10400.0,0.0,31.0,1,1,1,0.3
443,3,0,8000.0,700,1268.0,0.0,0.0,562.0,1,1,1,100.0
444,1,0,300.0,500,0.0,450.0,450.0,0.0,0,0,1,0.0
445,1,0,54000.0,600,0.0,0.0,0.0,43.0,1,0,1,100.0
446,1,0,20000.0,400,0.0,2475.2,0.0,40.0,1,0,1,1.62
447,1,0,4000.0,600,500.0,2775.0,0.0,716.0,1,1,1,25.8
448,4,0,5950.0,0,360.0,3400.0,0.0,0.0,0,1,0,0.0
449,1,0,250.0,700,500.0,1300.0,0.0,91.0,1,1,1,7.0
450,1,0,5000.0,700,974.0,3189.333,0.0,264.9,1,1,1,8.31
451,1,0,5000.0,500,0.0,1950.0,0.0,512.0,1,0,1,26.26
452,1,0,17226.63,600,1500.0,8850.0,0.0,129.0,1,1,1,1.46
453,1,0,3000.0,0,300.0,4333.333,0.0,0.0,0,1,0,0.0
454,1,0,1000.0,0,0.0,0.0,0.0,0.0,0,0,0,100.0
455,1,0,500.0,700,200.0,1750.0,0.0,457.06,1,1,1,26.12
456,3,0,8445.0,600,0.0,5502.0,1338.0,1682.0,1,0,1,24.59
457,3,0,2500.0,500,2300.0,3900.0,0.0,0.0,0,1,1,0.0
458,3,0,15000.0,600,700.0,4333.333,0.0,0.0,0,1,1,0.0
459,3,0,33000.0,600,300.0,10650.0,0.0,0.0,0,1,1,0.0
460,2,0,1000.0,600,500.0,0.0,0.0,0.0,0,1,1,100.0
461,1,0,500.0,0,604.0,2130.0,87.0,0.0,0,1,0,0.0
462,3,0,14000.0,0,0.0,4800.0,0.0,0.0,0,0,0,0.0
463,1,0,10000.0,500,350.0,2666.667,0.0,450.0,1,1,1,16.87
464,3,0,3000.0,500,300.0,2600.0,0.0,330.0,1,1,1,12.69
465,3,0,24000.0,600,0.0,3419.0,0.0,0.0,0,0,1,0.0
466,1,0,20000.0,800,500.0,3500.0,0.0,785.0,1,1,1,22.43
467,2,0,1000.0,600,300.0,2000.0,0.0,0.0,0,1,1,0.0
468,3,0,0.0,600,0.0,4416.667,0.0,0.0,0,0,1,0.0
469,3,0,6000.0,600,1250.0,0.0,0.0,0.0,0,1,1,100.0
470,2,0,6000.0,700,0.0,2600.0,2600.0,833.0,1,0,1,16.02
471,4,0,4500.0,0,588.0,3400.0,0.0,35.0,1,1,0,1.03
472,1,0,750.0,500,600.0,4750.0,0.0,6.0,1,1,1,0.13
473,3,0,20000.0,700,0.0,3500.0,0.0,25.0,1,0,1,0.71
474,1,0,3500.0,500,287.0,0.0,0.0,0.0,0,1,1,100.0
475,3,0,35135.0,500,257.0,1500.0,0.0,58.28,1,1,1,3.89
476,3,0,8500.0,600,300.0,4300.0,0.0,278.0,1,1,1,6.47
477,1,0,5000.0,600,0.0,4700.0,0.0,379.0,1,0,1,8.06
478,1,0,500.0,0,0.0,0.0,0.0,0.0,0,0,0,100.0
479,4,0,24000.0,700,267.5,3200.0,0.0,85.0,1,1,1,2.66
480,3,0,3000.0,600,0.0,4966.672,0.0,475.0,1,0,1,9.56
481,3,0,18000.0,700,350.0,4333.333,0.0,30.0,1,1,1,0.69
482,4,0,20000.0,600,1200.0,0.0,0.0,203.1,1,1,1,100.0
483,2,0,1000.0,0,750.0,1733.333,0.0,0.0,0,1,0,0.0
484,1,0,4000.0,500,0.0,4069.0,0.0,512.0,1,0,1,12.58
485,1,0,7000.0,0,800.0,1143.0,0.0,0.0,0,1,0,0.0
486,3,0,2000.0,500,0.0,2251.0,2251.0,484.0,1,0,1,10.75
487,3,0,18000.0,0,0.0,0.0,0.0,0.0,0,0,0,100.0
488,1,0,3000.0,0,0.0,0.0,0.0,0.0,0,0,0,100.0
489,1,0,500.0,0,0.0,0.0,0.0,0.0,0,0,0,100.0
490,4,0,150000.0,700,0.0,12500.0,0.0,3375.0,1,0,1,27.0
491,1,0,50000.0,700,0.0,8250.0,0.0,1374.58,1,0,1,16.66
492,1,0,5000.0,0,0.0,0.0,0.0,0.0,0,0,0,100.0
493,1,0,500.0,500,500.0,2000.0,0.0,255.0,1,1,1,12.75
494,3,0,5400.0,0,0.0,0.0,0.0,0.0,0,0,0,100.0
495,1,0,2000.0,0,0.0,0.0,0.0,0.0,0,0,0,100.0
496,3,0,18000.0,600,1315.0,2708.333,0.0,2266.0,1,1,1,83.67
497,3,0,15000.0,500,1825.0,8666.667,0.0,2015.86,1,1,1,23.26
498,1,0,5000.0,600,0.0,6460.0,1260.0,2228.0,1,0,1,28.86
499,1,0,7000.0,600,450.0,6701.333,0.0,1117.86,1,1,1,16.68
500,1,0,800.0,0,200.0,200.0,0.0,0.0,0,1,0,0.0
501,1,0,500.0,0,0.0,2398.933,0.0,0.0,0,0,0,0.0
502,1,0,3000.0,0,0.0,1898.0,0.0,85.0,1,0,0,4.48
503,3,0,25000.0,700,1050.0,5633.333,0.0,1612.52,1,1,1,28.62
504,3,0,15000.0,700,300.0,4333.333,0.0,35.0,1,1,1,0.81
505,3,0,27500.0,0,300.0,2000.0,0.0,0.0,0,1,0,0.0
506,2,0,250.0,600,0.0,3605.333,0.0,0.0,0,0,1,0.0
507,1,0,5000.0,700,300.0,4569.5,0.0,827.0,1,1,1,18.1
508,1,0,100.0,0,0.0,1200.0,0.0,0.0,0,0,0,0.0
509,2,0,500.0,0,1600.0,2.083,0.0,0.0,0,1,0,0.0
510,3,0,12800.0,600,450.0,5800.0,0.0,0.0,0,1,1,0.0
511,1,0,10000.0,600,0.0,7583.333,0.0,25.0,1,0,1,0.33
512,3,0,6000.0,600,0.0,1841.0,1350.0,348.74,1,0,1,10.93
513,1,0,400.0,500,1200.0,1083.333,0.0,0.0,0,1,1,0.0
514,2,0,2500.0,700,300.0,10400.0,0.0,379.0,1,1,1,3.64
515,2,0,2500.0,600,400.0,3865.0,0.0,646.0,1,1,1,16.71
516,4,0,9000.0,600,0.0,4600.0,0.0,1427.0,1,0,1,31.02
517,3,0,20000.0,600,1665.0,5000.0,0.0,1141.0,1,1,1,22.82
518,1,0,6000.0,600,950.0,5200.0,0.0,126.01,1,1,1,2.42
519,1,0,5000.0,700,0.0,3033.333,0.0,40.0,1,0,1,1.32
520,3,0,15000.0,500,0.0,23894.0,0.0,1499.96,1,0,1,6.28
521,1,0,8000.0,700,471.0,3500.0,0.0,890.0,1,1,1,25.43
522,1,0,4930.46,0,250.0,0.0,0.0,0.0,0,1,0,100.0
523,3,0,17000.0,600,575.0,2000.0,0.0,0.0,0,1,1,0.0
524,2,0,10000.0,600,2000.0,10400.0,0.0,1231.0,1,1,1,11.84
525,1,0,5000.0,0,760.0,1584.0,0.0,0.0,0,1,0,0.0
526,4,0,5000.0,600,250.0,4000.0,0.0,2227.0,1,1,1,55.67
527,3,0,2835.0,500,0.0,0.0,0.0,0.0,0,0,1,100.0
528,1,0,20000.0,0,250.0,500.0,0.0,0.0,0,1,0,0.0
529,4,0,16000.0,600,1665.0,10000.0,0.0,1008.0,1,1,1,10.08
530,1,0,1000.0,500,500.0,1083.333,0.0,360.0,1,1,1,33.23
531,1,0,700.0,0,0.0,0.0,0.0,0.0,0,0,0,100.0
532,1,0,2000.0,0,0.0,0.0,0.0,0.0,0,0,0,100.0
533,3,0,10000.0,0,0.0,0.0,0.0,0.0,0,0,0,100.0
534,1,0,1800.0,0,0.0,0.0,0.0,0.0,0,0,0,100.0
535,3,0,10000.0,0,0.0,0.0,0.0,0.0,0,0,0,100.0
536,1,0,2000.0,500,0.0,1600.0,0.0,0.0,0,0,1,0.0
537,1,0,500.0,0,0.0,0.0,0.0,0.0,0,0,0,100.0
538,1,0,1200.0,0,0.0,0.0,0.0,0.0,0,0,0,100.0
539,1,0,1500.0,600,1047.0,4432.0,0.0,704.5,1,1,1,15.9
540,3,0,12000.0,0,0.0,0.0,0.0,0.0,0,0,0,100.0
541,1,0,12000.0,0,0.0,0.0,0.0,0.0,0,0,0,100.0
542,1,0,3000.0,0,0.0,0.0,0.0,0.0,0,0,0,100.0
543,3,0,30000.0,600,750.0,5200.0,0.0,1097.0,1,1,1,21.1
544,1,0,80000.0,700,90000.0,15000.0,0.0,1565.0,1,1,1,10.43
545,3,0,5750.0,0,0.0,0.0,0.0,0.0,0,0,0,100.0
546,1,0,2000.0,0,0.0,0.0,0.0,0.0,0,0,0,100.0
547,3,0,15000.0,0,0.0,0.0,0.0,0.0,0,0,0,100.0
548,3,0,8500.0,0,0.0,0.0,0.0,0.0,0,0,0,100.0
549,1,0,1000.0,600,0.0,3000.0,0.0,378.0,1,0,1,12.6
550,4,0,12000.0,600,0.0,10000.0,0.0,182.0,1,0,1,1.82
551,3,0,11000.0,500,0.0,4260.0,0.0,648.0,1,0,1,15.21
552,3,0,23358.18,600,0.0,6276.0,1636.0,1192.0,1,0,1,15.07
553,3,0,20000.0,0,0.0,0.0,0.0,0.0,0,0,0,100.0
554,1,0,5000.0,0,0.0,0.0,0.0,0.0,0,0,0,100.0
555,1,0,2000.0,600,250.0,0.0,0.0,335.0,1,1,1,100.0
556,1,0,17000.0,700,0.0,1300.0,0.0,712.0,1,0,1,54.77
557,1,0,10000.0,500,300.0,3683.333,0.0,1437.0,1,1,1,39.01
558,3,0,14530.6,800,0.0,4882.08,0.0,1386.0,1,0,1,28.39
559,2,0,1000.0,0,550.0,0.0,0.0,0.0,0,1,0,100.0
560,2,0,2000.0,800,1200.0,2400.0,0.0,422.0,1,1,1,17.58
561,1,0,40000.0,700,1100.0,0.0,0.0,784.0,1,1,1,100.0
562,3,0,26000.0,600,575.0,2166.667,0.0,276.0,1,1,1,12.74
563,1,0,5000.0,0,0.0,833.333,0.0,0.0,0,0,0,0.0
564,1,0,500.0,0,1165.0,2080.0,0.0,0.0,0,1,0,0.0
565,3,0,4000.0,600,0.0,1600.0,0.0,0.0,0,0,1,0.0
566,2,0,500.0,0,300.0,500.0,0.0,0.0,0,1,0,0.0
567,1,0,3015.0,500,0.0,1833.333,0.0,504.0,1,0,1,27.49
568,1,0,2000.0,500,1365.0,3500.0,0.0,879.0,1,1,1,25.11
569,3,0,28160.0,700,1200.0,5900.0,2400.0,2400.0,1,1,1,28.92
570,1,0,60000.0,500,1400.0,0.0,0.0,217.53,1,1,1,100.0
571,3,0,15995.0,700,400.0,3778.667,0.0,30.0,1,1,1,0.79
572,3,0,10500.0,500,1177.0,3559.833,0.0,55.0,1,1,1,1.55
573,2,0,0.0,0,1065.0,1234.0,0.0,0.0,0,1,0,0.0
574,1,0,8000.0,500,1300.0,5200.0,0.0,391.0,1,1,1,7.52
575,1,0,15000.0,600,600.0,3791.667,0.0,0.0,0,1,1,0.0
576,4,0,3900.0,600,400.0,10000.0,0.0,495.0,1,1,1,4.95
577,2,0,8500.0,600,980.0,7500.0,0.0,1909.0,1,1,1,25.45
578,3,0,14000.0,600,642.0,2800.0,0.0,332.27,1,1,1,11.87
579,1,0,4000.0,400,550.0,6800.0,0.0,323.0,1,1,1,4.75
580,1,0,5000.0,600,750.0,3900.0,0.0,511.0,1,1,1,13.1
581,3,0,6000.0,500,0.0,3900.0,0.0,2886.0,1,0,1,74.0
582,1,0,1000.0,800,0.0,12566.667,0.0,3205.0,1,0,1,25.5
583,1,0,500.0,600,860.0,2816.667,0.0,259.0,1,1,1,9.2
584,3,0,23400.0,600,1200.0,18750.0,0.0,1560.0,1,1,1,8.32
585,1,0,1000.0,500,0.0,3250.0,0.0,512.0,1,0,1,15.75
586,3,0,0.0,600,140.0,2400.0,0.0,0.0,0,1,1,0.0
587,4,0,10000.0,600,0.0,1733.333,0.0,386.0,1,0,1,22.27
588,3,0,15290.0,700,1025.0,0.0,0.0,25.0,1,1,1,100.0
589,3,0,1000.0,0,1200.0,1400.0,1400.0,0.0,0,1,0,0.0
590,2,0,500.0,0,300.0,600.0,0.0,0.0,0,1,0,0.0
591,1,0,0.0,600,1200.0,1924.0,0.0,0.0,0,1,1,0.0
592,4,0,5300.0,600,0.0,3859.0,3859.0,1859.0,1,0,1,24.09
593,1,0,20000.0,600,220.0,5416.667,0.0,0.0,0,1,1,0.0
594,4,0,45000.0,800,0.0,6500.0,0.0,1835.0,1,0,1,28.23
595,1,0,3000.0,0,0.0,0.0,0.0,0.0,0,0,0,100.0
596,1,0,5000.0,600,0.0,2500.0,0.0,1052.0,1,0,1,42.08
597,1,0,1000.0,0,0.0,0.0,0.0,0.0,0,0,0,100.0
598,3,0,11687.0,0,0.0,0.0,0.0,0.0,0,0,0,100.0
599,1,0,50000.0,600,1160.0,8666.667,0.0,774.0,1,1,1,8.93
600,1,0,500.0,600,300.0,0.0,0.0,1946.0,1,1,1,100.0
601,3,0,20000.0,0,500.0,1000.0,0.0,0.0,0,1,0,0.0
602,3,0,26011.0,700,1200.0,2840.0,0.0,25.0,1,1,1,0.88
603,1,0,12000.0,0,0.0,0.0,0.0,0.0,0,0,0,100.0
604,1,0,4400.0,0,300.0,0.0,0.0,0.0,0,1,0,100.0
605,1,0,2000.0,0,0.0,2600.0,0.0,0.0,0,0,0,0.0
606,1,0,10000.0,0,0.0,0.0,0.0,0.0,0,0,0,100.0
607,3,0,40000.0,800,2600.0,6600.0,1800.0,37.0,1,1,1,0.44
608,1,0,800.0,600,750.0,2169.0,0.0,283.0,1,1,1,13.05
609,1,0,500.0,0,0.0,0.0,0.0,0.0,0,0,0,100.0
611,1,0,1000.0,0,0.0,0.0,0.0,0.0,0,0,0,100.0
612,1,0,2000.0,0,0.0,0.0,0.0,0.0,0,0,0,100.0
613,1,0,20000.0,800,0.0,1000.0,0.0,77.0,1,0,1,7.7
614,2,0,3500.0,0,0.0,0.0,0.0,0.0,0,0,0,100.0
615,1,0,4000.0,600,525.0,1900.0,0.0,153.0,1,1,1,8.05
616,4,0,27000.0,700,0.0,2015.0,0.0,1422.0,1,0,1,70.57
617,1,0,2000.0,700,0.0,3730.0,0.0,3513.0,1,0,1,94.18
618,3,0,20000.0,600,1000.0,2659.0,0.0,31.0,1,1,1,1.17
619,3,0,1500.0,600,0.0,3000.0,0.0,0.0,0,0,1,0.0
620,1,0,1500.0,600,0.0,4680.0,0.0,0.0,0,0,1,0.0
621,3,0,20000.0,0,1165.0,2080.0,0.0,0.0,0,1,0,0.0
622,3,0,20483.09,600,0.0,7083.333,0.0,1609.84,1,0,1,22.73
623,1,0,1500.0,600,1000.0,0.0,0.0,162.0,1,1,1,100.0
624,4,0,6667.0,700,600.0,2933.33,333.33,142.42,1,1,1,4.36
625,2,0,2000.0,700,0.0,0.0,0.0,909.0,1,0,1,100.0
626,1,0,5000.0,0,850.0,3310.667,0.0,0.0,0,1,0,0.0
627,1,0,15000.0,500,825.0,3745.0,0.0,75.0,1,1,1,2.0
628,1,0,3700.0,700,0.0,2800.0,0.0,1127.0,1,0,1,40.25
629,2,0,1000.0,600,526.0,2631.33,2631.33,0.0,0,1,1,0.0
630,2,0,750.0,600,1700.0,4690.0,0.0,203.0,1,1,1,4.33
631,2,0,20000.0,500,600.0,1625.0,0.0,137.0,1,1,1,8.43
632,3,0,24000.0,400,0.0,2948.0,0.0,542.0,1,0,1,18.39
633,4,0,90000.0,400,0.0,4076.667,0.0,542.0,1,0,1,13.3
634,1,0,4000.0,0,300.0,697.0,697.0,0.0,0,1,0,0.0
635,3,0,25000.0,600,2048.0,3000.0,0.0,3756.0,1,1,1,125.2
636,3,0,15000.0,400,300.0,2475.2,0.0,40.0,1,1,1,1.62
637,1,0,2000.0,0,330.0,1233.0,0.0,0.0,0,1,0,0.0
638,1,0,10000.0,0,450.0,4000.0,0.0,0.0,0,1,0,0.0
639,4,0,22000.0,600,400.0,3622.667,0.0,25.0,1,1,1,0.69
640,3,0,10000.0,600,0.0,2162.0,2162.0,50.0,1,0,1,1.16
641,4,0,60000.0,600,815.0,0.0,0.0,370.0,1,1,1,100.0
642,1,0,15000.0,700,700.0,4000.0,0.0,989.45,1,1,1,24.74
643,1,0,600.0,600,1200.0,0.0,0.0,0.0,0,1,1,100.0
644,3,0,7000.0,0,100.0,2080.0,0.0,0.0,0,1,0,0.0
645,3,0,14850.0,0,0.0,0.0,0.0,0.0,0,0,0,100.0
646,3,0,87000.0,600,0.0,13000.0,0.0,2968.94,1,0,1,22.84
647,3,0,3000.0,0,0.0,0.0,0.0,0.0,0,0,0,100.0
648,4,0,13000.0,0,0.0,0.0,0.0,0.0,0,0,0,100.0
649,3,0,12000.0,0,0.0,0.0,0.0,0.0,0,0,0,100.0
650,2,0,5000.0,0,100.0,3466.667,0.0,115.0,1,1,0,3.32
651,1,0,15000.0,700,1110.0,4200.0,0.0,1200.28,1,1,1,28.58
652,1,0,7000.0,600,875.0,1137.5,0.0,24.36,1,1,1,2.14
653,1,0,14000.0,700,1000.0,4524.0,0.0,921.0,1,1,1,20.36
654,3,0,22000.0,700,0.0,1733.333,0.0,54.0,1,0,1,3.12
655,2,0,2000.0,600,1100.0,3039.36,0.0,263.0,1,1,1,8.65
656,1,0,600.0,0,1150.0,1300.0,0.0,0.0,0,1,0,0.0
657,3,0,26624.44,700,300.0,1300.0,0.0,0.0,0,1,1,0.0
658,4,0,20000.0,700,350.0,3000.0,0.0,30.0,1,1,1,1.0
659,1,0,2000.0,500,400.0,2873.0,0.0,407.0,1,1,1,14.17
660,3,0,16000.0,700,0.0,3900.0,0.0,1600.0,1,0,1,41.03
661,3,0,11150.0,600,1550.0,1400.0,0.0,0.0,0,1,1,0.0
662,1,0,5500.0,0,0.0,0.0,0.0,0.0,0,0,0,100.0
663,3,0,7100.0,0,0.0,0.0,0.0,0.0,0,0,0,100.0
664,1,0,800.0,0,0.0,0.0,0.0,0.0,0,0,0,100.0
665,1,0,1000.0,0,0.0,0.0,0.0,0.0,0,0,0,100.0
666,1,0,250.0,0,0.0,0.0,0.0,0.0,0,0,0,100.0
667,1,0,350.0,0,0.0,0.0,0.0,0.0,0,0,0,100.0
668,1,0,800.0,0,0.0,0.0,0.0,0.0,0,0,0,100.0
669,1,0,500.0,0,0.0,0.0,0.0,0.0,0,0,0,100.0
670,3,0,28976.0,500,800.0,3800.0,0.0,1021.0,1,1,1,26.87
671,3,0,4000.0,0,0.0,0.0,0.0,0.0,0,0,0,100.0
672,3,0,10500.0,500,345.0,0.0,0.0,0.0,0,1,1,100.0
673,1,0,4000.0,0,0.0,0.0,0.0,0.0,0,0,0,100.0
674,1,0,800.0,0,0.0,0.0,0.0,0.0,0,0,0,100.0
675,1,0,2500.0,0,0.0,0.0,0.0,0.0,0,0,0,100.0
677,3,0,35000.0,0,0.0,0.0,0.0,0.0,0,0,0,100.0
678,1,0,3000.0,0,0.0,0.0,0.0,0.0,0,0,0,100.0
679,1,0,1000.0,0,0.0,0.0,0.0,0.0,0,0,0,100.0
680,1,0,200.0,0,0.0,0.0,0.0,0.0,0,0,0,100.0
681,3,0,26000.0,0,1250.0,3033.333,0.0,0.0,0,1,0,0.0
682,1,0,3500.0,500,825.0,3900.0,0.0,85.0,1,1,1,2.18
683,3,0,26236.0,600,800.0,3500.0,0.0,546.0,1,1,1,15.6
684,1,0,500.0,600,300.0,1100.0,0.0,311.0,1,1,1,28.27
685,1,0,3000.0,0,0.0,2553.0,703.0,0.0,0,0,0,0.0
686,1,0,4000.0,600,495.0,1950.0,0.0,0.0,0,1,1,0.0
687,1,0,3000.0,0,485.0,3900.0,0.0,0.0,0,1,0,0.0
688,2,0,1000.0,500,532.5,0.0,0.0,25.0,1,1,1,100.0
689,3,0,24200.0,700,330.0,1980.0,0.0,0.0,0,1,1,0.0
690,3,0,1200.0,600,400.0,2166.667,0.0,0.0,0,1,1,0.0
691,4,0,17000.0,500,821.0,2166.667,0.0,417.0,1,1,1,19.25
692,1,0,2000.0,500,0.0,1833.333,0.0,140.0,1,0,1,7.64
693,1,0,7500.0,0,300.0,2080.0,0.0,0.0,0,1,0,0.0
694,3,0,32710.0,600,725.0,15000.0,0.0,0.0,0,1,1,0.0
695,2,0,33000.0,500,300.0,50000.0,0.0,650.0,1,1,1,1.3
696,1,0,15000.0,700,500.0,2054.0,0.0,548.0,1,1,1,26.68
697,3,0,26500.0,600,550.0,4400.0,0.0,283.0,1,1,1,6.43
698,1,0,1400.0,500,400.0,1550.0,0.0,649.0,1,1,1,41.87
699,1,0,6000.0,600,975.0,5732.0,0.0,238.0,1,1,1,4.15
700,1,0,20000.0,700,900.0,2753.833,0.0,320.0,1,1,1,11.62
701,3,0,6000.0,600,500.0,2600.0,0.0,782.0,1,1,1,30.08
702,1,0,12000.0,600,850.0,6364.8,0.0,1413.0,1,1,1,22.2
703,1,0,2000.0,0,200.0,2000.0,0.0,0.0,0,1,0,0.0
704,3,0,40000.0,0,0.0,4333.333,0.0,0.0,0,0,0,0.0
705,1,0,500.0,600,85.0,8242.0,0.0,0.0,0,1,1,0.0
706,1,0,3000.0,500,1100.0,2800.0,0.0,427.0,1,1,1,15.25
707,4,0,16300.0,600,1265.0,3293.333,0.0,269.0,1,1,1,8.17
708,1,0,2500.0,600,500.0,3705.0,0.0,273.0,1,1,1,7.37
709,3,0,20000.0,600,0.0,0.0,0.0,93.0,1,0,1,100.0
710,1,0,1700.0,600,300.0,940.0,940.0,0.0,0,1,1,0.0
711,3,0,15000.0,0,736.0,3409.467,0.0,0.0,0,1,0,0.0
712,1,0,10000.0,700,1300.0,4000.0,0.0,0.0,0,1,1,0.0
713,1,0,2000.0,0,1058.0,2000.0,0.0,0.0,0,1,0,0.0
714,1,0,9818.0,500,396.0,4909.3,4909.3,1351.0,1,1,1,13.76
715,3,0,30000.0,600,0.0,5500.0,0.0,1394.0,1,0,1,25.35
716,3,0,34000.0,600,1300.0,5416.667,0.0,820.0,1,1,1,15.14
717,1,0,3000.0,500,0.0,1833.333,0.0,436.0,1,0,1,23.78
718,1,0,500.0,0,0.0,1000.0,1000.0,0.0,0,0,0,0.0
719,1,0,5000.0,600,500.0,4095.0,0.0,458.0,1,1,1,11.18
720,4,0,30000.0,700,0.0,4333.333,0.0,4219.0,1,0,1,97.36
721,2,0,2500.0,700,0.0,1719.0,1719.0,586.0,1,0,1,17.04
722,1,0,1000.0,700,350.0,2736.5,0.0,267.0,1,1,1,9.76
723,1,0,2500.0,600,0.0,0.0,0.0,0.0,0,0,1,100.0
724,1,0,1000.0,600,0.0,0.0,0.0,915.0,1,0,1,100.0
725,3,0,23950.0,700,998.0,2000.0,0.0,0.0,0,1,1,0.0
726,2,0,250.0,500,725.0,0.0,0.0,399.0,1,1,1,100.0
727,3,0,4500.0,600,381.0,1490.0,0.0,258.0,1,1,1,17.32
728,2,0,3000.0,600,0.0,1680.0,0.0,447.0,1,0,1,26.61
729,1,0,2000.0,0,1116.0,0.0,0.0,0.0,0,1,0,100.0
730,3,0,14500.0,600,387.0,2700.0,0.0,251.0,1,1,1,9.3
731,1,0,15000.0,700,1200.0,2667.75,0.0,322.0,1,1,1,12.07
732,1,0,7000.0,0,875.0,1300.0,0.0,0.0,0,1,0,0.0
733,4,0,7600.0,600,0.0,3033.333,0.0,1301.66,1,0,1,42.91
734,3,0,3055.0,500,800.0,4103.0,0.0,88.0,1,1,1,2.14
735,3,0,21000.0,800,1300.0,2000.0,0.0,0.0,0,1,1,0.0
736,3,0,15000.0,700,0.0,4850.0,0.0,3758.0,1,0,1,77.48
737,1,0,3000.0,600,350.0,2340.0,0.0,0.0,0,1,1,0.0
738,4,0,142000.0,800,0.0,8600.0,0.0,3156.0,1,0,1,36.7
739,2,0,8000.0,0,0.0,0.0,0.0,0.0,0,0,0,100.0
740,3,0,36000.0,0,0.0,0.0,0.0,0.0,0,0,0,100.0
741,2,0,1000.0,0,0.0,0.0,0.0,0.0,0,0,0,100.0
742,3,0,25700.0,0,0.0,0.0,0.0,0.0,0,0,0,100.0
743,2,0,0.0,0,0.0,0.0,0.0,0.0,0,0,0,100.0
744,3,0,3500.0,500,700.0,2500.0,0.0,178.0,1,1,1,7.12
745,1,0,500.0,0,0.0,0.0,0.0,0.0,0,0,0,100.0
746,1,0,500.0,0,0.0,0.0,0.0,0.0,0,0,0,100.0
747,2,0,500.0,0,0.0,0.0,0.0,0.0,0,0,0,100.0
748,1,0,1000.0,0,0.0,0.0,0.0,0.0,0,0,0,100.0
749,1,0,1600.0,700,300.0,800.0,800.0,6.0,1,1,1,0.38
750,1,0,2000.0,0,0.0,0.0,0.0,0.0,0,0,0,100.0
751,1,0,7500.0,0,0.0,500.0,0.0,0.0,0,0,0,0.0
752,4,0,3761.0,0,0.0,0.0,0.0,0.0,0,0,0,100.0
753,2,0,500.0,0,0.0,0.0,0.0,0.0,0,0,0,100.0
754,1,0,6000.0,0,0.0,0.0,0.0,0.0,0,0,0,100.0
755,3,0,0.0,800,189.0,3300.0,0.0,73.0,1,1,1,2.21
756,1,0,8000.0,0,0.0,0.0,0.0,0.0,0,0,0,100.0
757,3,0,5000.0,0,0.0,0.0,0.0,0.0,0,0,0,100.0
758,1,0,5000.0,0,0.0,0.0,0.0,0.0,0,0,0,100.0
759,3,0,7000.0,0,0.0,0.0,0.0,0.0,0,0,0,100.0
760,3,0,4500.0,600,0.0,3003.0,0.0,0.0,0,0,1,0.0
761,3,0,16500.0,600,725.0,5374.0,0.0,25.0,1,1,1,0.47
762,1,0,1500.0,0,250.0,1733.333,0.0,0.0,0,1,0,0.0
763,3,0,30000.0,700,2500.0,5000.0,0.0,467.0,1,1,1,9.34
764,1,0,4000.0,600,500.0,4500.0,0.0,78.0,1,1,1,1.73
765,3,1,39000.0,600,300.0,7583.333,0.0,193.17,1,1,1,2.55
766,4,1,9000.0,600,1210.0,6500.0,0.0,808.0,1,1,1,12.43
767,3,1,5000.0,700,0.0,3120.0,0.0,95.0,1,0,1,3.04
768,2,1,500.0,0,400.0,2600.0,0.0,0.0,0,1,0,0.0
769,3,1,4000.0,700,400.0,2800.0,0.0,284.0,1,1,1,10.14
770,3,1,30000.0,800,0.0,11600.0,0.0,3251.88,1,0,1,28.03
771,4,1,15000.0,700,0.0,5900.0,900.0,1929.0,1,0,1,28.37
772,3,1,7000.0,800,1025.0,7000.0,0.0,323.0,1,1,1,4.61
773,3,1,10000.0,600,150.0,2275.0,0.0,0.0,0,1,1,0.0
774,4,1,5000.0,800,1211.0,0.0,0.0,1562.0,1,1,1,100.0
775,3,1,35000.0,800,0.0,7000.0,0.0,2253.0,1,0,1,32.19
776,3,1,25000.0,800,0.0,4880.0,0.0,536.0,1,0,1,10.98
777,3,1,25000.0,700,0.0,4650.0,0.0,134.0,1,0,1,2.88
778,3,1,25000.0,700,600.0,4100.0,0.0,654.64,1,1,1,15.97
779,1,1,5000.0,700,500.0,3600.0,0.0,442.92,1,1,1,12.3
780,1,1,6500.0,0,290.0,3079.543,0.0,0.0,0,1,0,0.0
781,3,1,20000.0,800,575.0,3656.0,0.0,50.0,1,1,1,1.37
782,3,1,16700.0,800,0.0,2400.0,0.0,269.0,1,0,1,11.21
783,3,1,10000.0,800,380.0,3800.0,0.0,0.0,0,1,1,0.0
784,3,1,16000.0,700,500.0,4197.2,58.0,362.0,1,1,1,8.51
785,3,1,13500.0,0,300.0,1900.0,0.0,17.0,1,1,0,0.89
787,1,1,500.0,0,300.0,1625.0,0.0,0.0,0,1,0,0.0
788,3,1,35000.0,800,1500.0,10000.0,0.0,427.0,1,1,1,4.27
789,4,1,72000.0,700,1565.0,7583.333,0.0,817.0,1,1,1,10.77
790,1,1,500.0,700,0.0,685.0,0.0,83.0,1,0,1,12.12
791,3,1,21000.0,0,0.0,0.0,0.0,0.0,0,0,0,100.0
792,3,1,12077.0,0,200.0,2500.0,0.0,0.0,0,1,0,0.0
793,1,1,500.0,0,0.0,0.0,0.0,0.0,0,0,0,100.0
794,3,1,35000.0,0,0.0,0.0,0.0,0.0,0,0,0,100.0
795,3,1,30000.0,800,800.0,8333.333,0.0,357.0,1,1,1,4.28
796,1,1,500.0,0,0.0,0.0,0.0,0.0,0,0,0,100.0
797,3,1,20490.0,700,0.0,0.0,0.0,455.0,1,0,1,100.0
798,3,1,7000.0,0,0.0,0.0,0.0,0.0,0,0,0,100.0
799,3,1,7500.0,0,0.0,0.0,0.0,0.0,0,0,0,100.0
800,3,1,7500.0,0,0.0,0.0,0.0,0.0,0,0,0,100.0
801,4,1,24750.0,0,0.0,0.0,0.0,0.0,0,0,0,100.0
802,1,1,5431.76,0,0.0,0.0,0.0,0.0,0,0,0,100.0
803,3,1,18900.0,800,0.0,0.0,0.0,2643.0,1,0,1,100.0
804,1,1,5000.0,800,540.0,4546.667,2900.0,0.0,0,1,1,0.0
805,3,1,25000.0,800,0.0,1300.0,800.0,781.0,1,0,1,37.19
806,3,1,5000.0,600,508.0,2500.0,0.0,15.0,1,1,1,0.6
807,3,1,32500.0,700,574.0,6166.667,0.0,1196.37,1,1,1,19.4
808,2,1,2520.0,0,850.0,5000.0,0.0,0.0,0,1,0,0.0
809,3,1,8000.0,700,150.0,2047.5,0.0,317.84,1,1,1,15.52
810,3,1,33000.0,800,0.0,1081.0,681.0,56.0,1,0,1,3.18
811,3,1,32000.0,700,0.0,2881.667,0.0,453.0,1,0,1,15.72
812,1,1,1500.0,0,0.0,2166.667,0.0,0.0,0,0,0,0.0
813,4,1,132000.0,800,1753.0,15454.833,0.0,99.67,1,1,1,0.64
814,1,1,500.0,600,1500.0,4500.0,500.0,0.0,0,1,1,0.0
815,4,1,15000.0,700,250.0,5200.0,0.0,157.0,1,1,1,3.02
816,4,1,12600.0,700,300.0,3683.333,0.0,25.0,1,1,1,0.68
817,3,1,3425.0,800,0.0,3536.0,0.0,248.0,1,0,1,7.01
818,3,1,14000.0,800,725.0,5002.833,0.0,646.35,1,1,1,12.92
819,3,1,8000.0,600,430.0,3250.0,0.0,232.0,1,1,1,7.14
820,4,1,46297.0,800,0.0,7136.22,0.0,1926.0,1,0,1,26.99
821,3,1,5000.0,600,200.0,2166.667,0.0,101.0,1,1,1,4.66
822,3,1,15000.0,800,1575.0,5100.0,0.0,930.0,1,1,1,18.24
823,4,1,59500.0,800,0.0,15100.0,0.0,985.0,1,0,1,6.52
824,2,1,450.0,600,0.0,4166.667,0.0,75.76,1,0,1,1.82
825,4,1,100000.0,800,0.0,0.0,0.0,60.0,1,0,1,100.0
826,3,1,40000.0,800,1048.0,4200.0,0.0,25.0,1,1,1,0.6
827,4,1,24000.0,800,750.0,5600.0,0.0,0.0,0,1,1,0.0
828,2,1,5000.0,700,0.0,3333.333,0.0,391.0,1,0,1,11.73
829,3,1,10000.0,600,800.0,4333.333,0.0,311.0,1,1,1,7.18
830,3,1,4500.0,0,0.0,2785.0,0.0,0.0,0,0,0,0.0
832,2,1,250.0,0,0.0,1310.0,0.0,0.0,0,0,0,0.0
833,3,1,30000.0,0,0.0,0.0,0.0,0.0,0,0,0,100.0
834,4,1,40000.0,700,0.0,4800.0,0.0,239.0,1,0,1,4.98
835,4,1,4259.0,600,475.0,8000.0,0.0,1859.0,1,1,1,23.24
836,3,1,3600.0,0,0.0,0.0,0.0,0.0,0,0,0,100.0
837,3,1,13500.0,700,300.0,3166.667,0.0,50.0,1,1,1,1.58
838,3,1,41823.0,800,400.0,3316.667,500.0,35.0,1,1,1,0.92
839,4,1,13500.0,700,935.33,20833.333,0.0,1427.0,1,1,1,6.85
840,3,1,5000.0,600,0.0,14583.333,0.0,619.0,1,0,1,4.24
841,3,1,25000.0,700,500.0,13000.0,0.0,2177.0,1,1,1,16.75
842,3,1,6000.0,700,0.0,10848.667,0.0,1980.0,1,0,1,18.25
844,4,1,12750.0,700,0.0,4500.0,0.0,1926.85,1,0,1,42.82
845,4,1,25000.0,800,0.0,10833.333,0.0,2319.0,1,0,1,21.41
846,3,1,40000.0,700,0.0,6663.0,0.0,1406.0,1,0,1,21.1
847,3,1,50000.0,700,400.0,8666.667,0.0,1287.0,1,1,1,14.85
848,2,1,500.0,600,800.0,4416.667,0.0,0.0,0,1,1,0.0
849,4,1,55066.21,800,1475.0,6565.34,6565.34,87.0,1,1,1,0.66
850,2,1,1000.0,700,600.0,3000.0,0.0,35.0,1,1,1,1.17
851,3,1,0.0,600,425.0,6066.667,0.0,0.0,0,1,1,0.0
852,4,1,14500.0,700,0.0,10000.0,0.0,387.0,1,0,1,3.87
853,3,1,17262.0,600,1685.0,4813.0,0.0,52.0,1,1,1,1.08
854,2,1,1500.0,700,700.0,3000.0,0.0,25.0,1,1,1,0.83
855,4,1,20000.0,800,0.0,6933.0,0.0,2719.0,1,0,1,39.22
856,3,1,28367.13,700,0.0,2904.0,0.0,383.0,1,0,1,13.19
858,1,1,500.0,0,0.0,433.333,0.0,0.0,0,0,0,0.0
859,3,1,8595.57,600,355.0,2572.0,0.0,25.0,1,1,1,0.97
860,3,1,25000.0,600,400.0,2500.0,0.0,131.0,1,1,1,5.24
861,2,1,250.0,600,0.0,1369.0,369.0,0.0,0,0,1,0.0
862,3,1,25000.0,800,0.0,3670.333,0.0,391.0,1,0,1,10.65
863,3,1,30000.0,800,1125.0,3600.0,0.0,97.0,1,1,1,2.69
864,3,1,14728.0,700,750.0,3000.0,0.0,367.0,1,1,1,12.23
865,4,1,11000.0,700,0.0,5730.0,5730.0,1376.0,1,0,1,12.01
866,4,1,12000.0,0,0.0,0.0,0.0,0.0,0,0,0,100.0
867,3,1,5500.0,0,0.0,0.0,0.0,0.0,0,0,0,100.0
868,3,1,8000.0,700,0.0,9500.0,0.0,1490.0,1,0,1,15.68
869,1,1,500.0,0,0.0,0.0,0.0,0.0,0,0,0,100.0
870,3,1,18000.0,600,1000.0,8233.333,0.0,0.0,0,1,1,0.0
871,3,1,25000.0,800,1000.0,5416.667,0.0,34.0,1,1,1,0.63
872,3,1,25000.0,0,0.0,0.0,0.0,0.0,0,0,0,100.0
873,4,1,50000.0,0,0.0,0.0,0.0,0.0,0,0,0,100.0
874,3,1,15500.0,600,1100.0,7600.0,0.0,838.0,1,1,1,11.03
875,4,1,181500.0,800,0.0,1432.5,0.0,2807.0,1,0,1,195.95
876,3,1,46000.0,800,0.0,3490.0,3490.0,882.0,1,0,1,12.64
877,2,1,500.0,600,300.0,1500.0,0.0,297.0,1,1,1,19.8
878,3,1,25000.0,700,0.0,5682.16,1000.0,464.86,1,0,1,6.96
879,3,1,35000.0,700,500.0,3600.0,0.0,314.0,1,1,1,8.72
880,3,1,8950.0,700,950.0,6200.0,0.0,44.0,1,1,1,0.71
881,3,1,13000.0,800,0.0,15100.0,0.0,1014.0,1,0,1,6.72
882,3,1,9450.0,0,300.0,3443.333,670.0,50.0,1,1,0,1.22
883,1,1,9400.0,700,963.0,0.0,0.0,382.0,1,1,1,100.0
884,2,1,1000.0,700,1000.0,20000.0,0.0,1818.0,1,1,1,9.09
885,4,1,65000.0,700,3300.0,100000.0,0.0,1425.0,1,1,1,1.43
886,4,1,29000.0,600,800.0,1327.0,0.0,160.0,1,1,1,12.06
887,3,1,60000.0,800,800.0,5930.167,0.0,592.01,1,1,1,9.98
888,4,1,19000.0,800,0.0,7000.0,0.0,85.0,1,0,1,1.21
889,4,1,42495.0,800,0.0,8753.75,0.0,940.0,1,0,1,10.74
890,3,1,7402.5,500,0.0,0.0,0.0,87.0,1,0,1,100.0
892,3,1,27300.73,700,0.0,8333.0,0.0,1844.0,1,0,1,22.13
893,2,1,2000.0,0,1450.0,4876.667,2047.0,0.0,0,1,0,0.0
894,3,1,26900.0,800,480.0,2400.0,0.0,45.0,1,1,1,1.88
895,3,1,20142.93,800,0.0,4000.0,0.0,398.0,1,0,1,9.95
896,3,1,7000.0,0,0.0,0.0,0.0,0.0,0,0,0,100.0
897,4,1,80750.0,700,400.0,9000.0,0.0,2753.0,1,1,1,30.59
898,3,1,12500.0,700,0.0,6600.0,0.0,2027.92,1,0,1,30.73
899,3,1,25000.0,800,1000.0,10000.0,0.0,79.0,1,1,1,0.79
900,4,1,35000.0,800,1278.0,6666.667,0.0,109.34,1,1,1,1.64
901,2,1,1000.0,0,0.0,1733.333,0.0,0.0,0,0,0,0.0
902,3,1,20000.0,700,560.0,2740.833,0.0,115.0,1,1,1,4.2
903,3,1,10000.0,0,0.0,0.0,0.0,0.0,0,0,0,100.0
904,3,1,25000.0,0,0.0,0.0,0.0,0.0,0,0,0,100.0
905,3,1,30999.0,600,0.0,2911.0,0.0,1355.84,1,0,1,46.58
906,3,1,28000.0,800,0.0,11916.0,0.0,3150.88,1,0,1,26.44
907,3,1,50000.0,800,1291.0,6250.0,1200.0,25.0,1,1,1,0.34
908,4,1,29000.0,700,300.0,5000.0,0.0,1285.0,1,1,1,25.7
909,1,1,6000.0,700,0.0,4983.333,0.0,1318.0,1,0,1,26.45
910,2,1,1000.0,0,0.0,0.0,0.0,0.0,0,0,0,100.0
911,1,1,6000.0,0,0.0,0.0,0.0,0.0,0,0,0,100.0
912,3,1,23000.0,0,0.0,0.0,0.0,0.0,0,0,0,100.0
913,2,1,250.0,700,500.0,1647.0,0.0,0.0,0,1,1,0.0
914,1,1,500.0,0,0.0,0.0,0.0,0.0,0,0,0,100.0
915,2,1,250.0,0,0.0,0.0,0.0,0.0,0,0,0,100.0
916,3,1,6000.0,0,0.0,0.0,0.0,0.0,0,0,0,100.0
917,2,1,1000.0,0,650.0,8000.0,0.0,0.0,0,1,0,0.0
918,2,1,500.0,0,0.0,0.0,0.0,0.0,0,0,0,100.0
919,3,1,29598.0,800,1506.0,9000.0,0.0,79.0,1,1,1,0.88
920,3,1,21600.0,0,0.0,1950.0,0.0,0.0,0,0,0,0.0
921,4,1,16000.0,700,865.0,3409.0,1589.0,1246.0,1,1,1,24.93
922,3,1,20000.0,600,1200.0,4324.833,0.0,549.0,1,1,1,12.69
923,3,1,10000.0,0,300.0,2816.667,0.0,0.0,0,1,0,0.0
924,3,1,10000.0,600,0.0,5850.0,0.0,207.0,1,0,1,3.54
925,3,1,25000.0,800,0.0,5583.333,0.0,413.0,1,0,1,7.4
926,4,1,54000.0,800,0.0,8346.0,4025.0,2606.0,1,0,1,21.07
927,3,1,3500.0,0,300.0,2850.0,250.0,0.0,0,1,0,0.0
928,1,1,500.0,0,300.0,1250.0,0.0,0.0,0,1,0,0.0
929,4,1,55000.0,700,0.0,4333.333,0.0,964.0,1,0,1,22.25
930,4,1,19800.0,700,0.0,3948.32,0.0,319.0,1,0,1,8.08
931,3,1,17500.0,700,0.0,2600.0,0.0,738.0,1,0,1,28.38
932,4,1,7110.7,600,0.0,6666.667,0.0,1527.04,1,0,1,22.91
933,3,1,4000.0,600,0.0,1400.0,0.0,0.0,0,0,1,0.0
934,1,1,500.0,0,0.0,0.0,0.0,0.0,0,0,0,100.0
935,4,1,8500.0,0,0.0,0.0,0.0,0.0,0,0,0,100.0
936,1,1,500.0,0,0.0,0.0,0.0,0.0,0,0,0,100.0
937,3,1,3000.0,500,900.0,3500.0,0.0,29.0,1,1,1,0.83
938,3,1,15000.0,0,0.0,0.0,0.0,0.0,0,0,0,100.0
939,3,1,45000.0,0,0.0,0.0,0.0,0.0,0,0,0,100.0
940,3,1,14275.67,600,1400.0,18325.0,13700.0,2369.0,1,1,1,7.4
941,1,1,500.0,800,0.0,2900.0,2900.0,25.0,1,0,1,0.43
942,2,1,250.0,0,0.0,4400.0,0.0,0.0,0,0,0,0.0
943,1,1,2000.0,800,500.0,0.0,0.0,25.0,1,1,1,100.0
944,4,1,125800.0,800,2140.0,20182.417,0.0,552.42,1,1,1,2.74
945,3,1,41000.0,700,1600.0,12000.0,0.0,1281.0,1,1,1,10.67
946,4,1,120000.0,800,1000.0,9750.0,0.0,373.0,1,1,1,3.83
947,2,1,500.0,600,0.0,4576.95,4576.95,0.0,0,0,1,0.0
948,4,1,8000.0,0,0.0,0.0,0.0,0.0,0,0,0,100.0
949,1,1,500.0,0,200.0,1733.333,0.0,0.0,0,1,0,0.0
950,3,1,4500.0,800,2350.0,7800.0,0.0,1211.92,1,1,1,15.54
952,3,1,35000.0,800,300.0,2357.333,0.0,35.0,1,1,1,1.48
953,3,1,500.0,0,0.0,3450.0,1650.0,0.0,0,0,0,0.0
954,3,1,10000.0,0,0.0,5416.667,0.0,0.0,0,0,0,0.0
955,3,1,18000.0,700,1200.0,6100.0,0.0,552.04,1,1,1,9.05
956,3,1,27000.0,600,650.0,4333.333,0.0,437.62,1,1,1,10.1
957,2,1,500.0,0,400.0,2600.0,0.0,0.0,0,1,0,0.0
958,3,1,61755.0,800,2500.0,13500.0,0.0,2336.0,1,1,1,17.3
959,4,1,93261.63,700,0.0,5200.0,0.0,1242.0,1,0,1,23.88
960,3,1,12000.0,700,0.0,3330.66,3330.66,652.0,1,0,1,9.79
961,4,1,26100.0,600,800.0,1327.0,0.0,160.0,1,1,1,12.06
963,1,1,5000.0,700,750.0,3147.2,0.0,184.0,1,1,1,5.85
964,2,1,500.0,0,0.0,0.0,0.0,81.0,1,0,0,100.0
965,3,1,45000.0,800,0.0,6000.0,6000.0,44.0,1,0,1,0.37
966,3,1,18000.0,800,0.0,4500.0,0.0,1700.0,1,0,1,37.78
967,2,1,2500.0,700,300.0,2800.0,0.0,0.0,0,1,1,0.0
968,3,1,15000.0,700,574.0,3900.0,0.0,504.0,1,1,1,12.92
969,3,1,14220.0,600,227.0,3473.0,0.0,401.62,1,1,1,11.56
970,3,1,26000.0,800,1300.0,4983.333,650.0,879.0,1,1,1,15.6
971,4,1,25200.0,600,1000.0,3486.167,0.0,716.0,1,1,1,20.54
972,3,1,34998.0,600,300.0,9500.0,0.0,75.0,1,1,1,0.79
973,3,1,15050.0,600,600.0,6250.0,0.0,161.0,1,1,1,2.58
974,4,1,18700.0,600,450.0,13333.333,0.0,3402.0,1,1,1,25.52
975,4,1,47273.0,700,0.0,8124.133,0.0,2716.81,1,0,1,33.44
976,3,1,4000.0,700,800.0,4400.0,0.0,527.55,1,1,1,11.99
977,3,1,27000.0,700,250.0,6101.333,0.0,308.51,1,1,1,5.06
978,3,1,30000.0,800,600.0,3466.667,0.0,25.0,1,1,1,0.72
979,3,1,25000.0,0,0.0,0.0,0.0,0.0,0,0,0,100.0
980,3,1,15000.0,0,0.0,0.0,0.0,0.0,0,0,0,100.0
981,3,1,22361.0,0,0.0,0.0,0.0,0.0,0,0,0,100.0
982,3,1,9762.0,0,0.0,0.0,0.0,0.0,0,0,0,100.0
983,3,1,20000.0,0,0.0,0.0,0.0,0.0,0,0,0,100.0
984,3,1,3000.0,700,0.0,3000.0,0.0,1096.0,1,0,1,36.53
985,4,1,85850.0,800,500.0,3896.0,0.0,50.0,1,1,1,1.28
986,3,1,25000.0,0,0.0,0.0,0.0,0.0,0,0,0,100.0
987,3,1,25000.0,800,0.0,2300.0,0.0,439.0,1,0,1,19.09
988,1,1,500.0,0,0.0,0.0,0.0,0.0,0,0,0,100.0
989,2,1,1000.0,0,0.0,0.0,0.0,0.0,0,0,0,100.0
990,1,1,20000.0,0,0.0,0.0,0.0,0.0,0,0,0,100.0
991,4,1,94500.0,0,0.0,0.0,0.0,0.0,0,0,0,100.0
992,3,1,10000.0,700,1300.0,4000.0,0.0,0.0,0,1,1,0.0
993,3,1,5000.0,800,0.0,12350.0,0.0,3521.92,1,0,1,28.52
994,3,1,6878.22,800,0.0,7666.667,0.0,336.0,1,0,1,4.38
995,3,1,34760.0,800,1425.0,5417.0,0.0,482.0,1,1,1,8.9
996,3,1,80000.0,800,1250.0,4680.0,455.0,39.0,1,1,1,0.76
998,3,1,40000.0,800,1903.0,7106.667,0.0,779.0,1,1,1,10.96
999,1,1,5000.0,0,500.0,2166.667,0.0,0.0,0,1,0,0.0
1000,3,1,12000.0,800,0.0,8000.0,0.0,51.0,1,0,1,0.64
1001,3,1,16350.0,600,450.0,3486.667,0.0,344.52,1,1,1,9.88
1002,3,1,12150.0,800,0.0,5366.667,0.0,550.0,1,0,1,10.25
1003,4,1,29000.0,700,0.0,0.0,0.0,3948.0,1,0,1,100.0
1004,1,1,500.0,0,300.0,2000.0,0.0,0.0,0,1,0,0.0
1005,3,1,22127.0,600,200.0,6500.0,0.0,66.0,1,1,1,1.02
1006,3,1,40000.0,800,0.0,7900.0,0.0,114.0,1,0,1,1.44
1007,3,1,35000.0,0,0.0,0.0,1620.0,0.0,0,0,0,0.0
1008,1,1,3500.0,800,0.0,0.0,0.0,132.0,1,0,1,100.0
1009,2,1,5000.0,700,0.0,3000.0,0.0,0.0,0,0,1,0.0
1010,4,1,11700.0,700,0.0,3166.667,0.0,25.0,1,0,1,0.79
1011,2,1,250.0,600,0.0,1083.333,0.0,0.0,0,0,1,0.0
1012,4,1,28000.0,700,1181.0,3533.833,0.0,365.0,1,1,1,10.33
1013,3,1,20000.0,700,0.0,3788.803,0.0,0.0,0,0,1,0.0
1014,3,1,14000.0,800,500.0,6460.133,0.0,25.0,1,1,1,0.39
1015,1,1,500.0,700,850.0,3293.333,0.0,0.0,0,1,1,0.0
1016,4,1,15000.0,700,0.0,8453.333,0.0,669.0,1,0,1,7.91
1017,2,1,500.0,0,0.0,0.0,0.0,0.0,0,0,0,100.0
1018,3,1,29000.0,0,0.0,0.0,0.0,0.0,0,0,0,100.0
1019,4,1,4200.0,0,0.0,0.0,0.0,0.0,0,0,0,100.0
1020,4,1,16939.0,0,0.0,0.0,0.0,0.0,0,0,0,100.0
1021,4,1,75000.0,700,1700.0,5000.0,0.0,307.0,1,1,1,6.14
1022,3,1,15000.0,700,0.0,2250.0,0.0,154.0,1,0,1,6.84
1023,3,1,21200.0,600,0.0,8333.333,0.0,784.0,1,0,1,9.41
1024,1,1,5000.0,600,1450.0,6500.0,0.0,610.0,1,1,1,9.38
1025,3,1,10000.0,700,254.0,271.267,0.0,552.22,1,1,1,203.57
1026,3,1,11995.0,800,0.0,3704.0,1900.0,25.0,1,0,1,0.45
1027,1,1,500.0,0,105.0,0.0,2200.0,0.0,0,1,0,0.0
1028,3,1,2600.0,600,500.0,2600.0,0.0,150.0,1,1,1,5.77
1029,1,1,5000.0,0,0.0,0.0,0.0,0.0,0,0,0,100.0
1030,4,1,40000.0,0,0.0,0.0,0.0,0.0,0,0,0,100.0
1031,2,1,500.0,0,0.0,1327.0,1327.0,25.0,1,0,0,0.94
1032,3,1,7500.0,0,750.0,3600.0,0.0,0.0,0,1,0,0.0
1033,3,1,19700.0,600,700.0,1695.0,0.0,150.0,1,1,1,8.85
1034,1,1,1500.0,600,1022.0,4700.0,0.0,878.02,1,1,1,18.68
1035,3,1,25000.0,700,0.0,6750.0,0.0,2078.0,1,0,1,30.79
1036,3,1,0.0,800,0.0,5915.583,0.0,2261.34,1,0,1,38.23
1037,3,1,4000.0,500,350.0,3943.333,0.0,0.0,0,1,1,0.0
1038,4,1,16800.0,700,725.0,6833.333,0.0,100.0,1,1,1,1.46
1039,4,1,40000.0,700,1312.0,5538.0,0.0,1462.88,1,1,1,26.42
1040,3,1,30000.0,800,900.0,4500.0,0.0,249.0,1,1,1,5.53
1041,2,1,250.0,0,1500.0,4225.0,0.0,0.0,0,1,0,0.0
1042,3,1,6433.75,800,0.0,6786.167,0.0,545.48,1,0,1,8.04
1043,1,1,500.0,0,100.0,2080.0,0.0,0.0,0,1,0,0.0
1044,1,1,500.0,0,200.0,6586.667,0.0,0.0,0,1,0,0.0
1045,2,1,250.0,700,1200.0,4566.0,0.0,521.0,1,1,1,11.41
1046,4,1,30000.0,700,0.0,7416.667,0.0,335.0,1,0,1,4.52
1047,3,1,32900.0,800,0.0,5000.0,0.0,1360.89,1,0,1,27.22
1048,3,1,14587.0,700,0.0,3300.0,0.0,249.0,1,0,1,7.55
1049,1,1,500.0,600,0.0,3250.0,0.0,0.0,0,0,1,0.0
1050,3,1,25000.0,800,0.0,6250.0,0.0,66.0,1,0,1,1.06
1051,4,1,50000.0,0,0.0,0.0,0.0,0.0,0,0,0,100.0
1052,3,1,10000.0,700,0.0,10416.667,0.0,1991.57,1,0,1,19.12
1053,3,1,22500.0,800,350.0,3435.0,0.0,281.0,1,1,1,8.18
1054,4,1,20000.0,800,0.0,12750.92,0.0,331.0,1,0,1,2.6
1055,2,1,450.0,700,300.0,1971.667,0.0,85.0,1,1,1,4.31
1056,3,1,23000.0,700,750.0,3813.333,0.0,94.0,1,1,1,2.47
1057,4,1,90884.2,800,0.0,9236.917,0.0,1931.0,1,0,1,20.91
1059,3,1,18750.0,700,1850.0,6786.0,0.0,304.97,1,1,1,4.49
1060,4,1,8000.0,700,0.0,4983.333,0.0,1318.0,1,0,1,26.45
1062,4,1,12000.0,700,1550.0,5416.667,0.0,78.0,1,1,1,1.44
1063,3,1,12000.0,800,500.0,3410.333,0.0,43.0,1,1,1,1.26
1064,3,1,28000.0,800,500.0,3467.0,0.0,145.0,1,1,1,4.18
1065,3,1,47000.0,800,1200.0,4300.0,0.0,325.0,1,1,1,7.56
1066,4,1,11000.0,700,500.0,18210.833,0.0,2263.0,1,1,1,12.43
1067,1,1,2000.0,700,1250.0,4584.667,0.0,149.0,1,1,1,3.25
1068,3,1,45000.0,700,2100.0,5635.0,2200.0,0.0,0,1,1,0.0
1069,1,1,4160.0,500,0.0,2088.0,0.0,30.0,1,0,1,1.44
1070,3,1,10395.0,600,600.0,4333.333,0.0,299.16,1,1,1,6.9
1071,4,1,44640.0,700,1150.0,5833.333,0.0,464.0,1,1,1,7.95
1072,3,1,35000.0,600,400.0,2600.0,0.0,38.0,1,1,1,1.46
1073,3,1,15000.0,700,300.0,1974.5,0.0,3.0,1,1,1,0.15
1074,2,1,1000.0,600,650.0,1800.0,0.0,0.0,0,1,1,0.0
1075,3,1,25000.0,800,0.0,9000.0,0.0,2442.0,1,0,1,27.13
1076,3,1,9000.0,700,0.0,3402.0,0.0,15.0,1,0,1,0.44
1077,2,1,10000.0,700,400.0,6250.0,0.0,0.0,0,1,1,0.0
1078,3,1,5000.0,700,750.0,2858.333,0.0,25.0,1,1,1,0.87
1079,3,1,3710.0,0,0.0,1706.0,0.0,0.0,0,0,0,0.0
1080,4,1,5000.0,0,0.0,1338.0,0.0,0.0,0,0,0,0.0
1081,3,1,27000.0,700,300.0,3033.333,0.0,104.0,1,1,1,3.43
1082,3,1,20960.0,600,692.0,1400.0,0.0,0.0,0,1,1,0.0
1083,3,1,2000.0,0,500.0,2426.667,0.0,85.0,1,1,0,3.5
1084,1,1,500.0,0,300.0,0.0,0.0,0.0,0,1,0,100.0
1085,4,1,25000.0,800,0.0,8666.667,0.0,415.0,1,0,1,4.79
1086,4,1,30000.0,800,0.0,4500.0,0.0,76.0,1,0,1,1.69
1087,3,1,46000.0,700,500.0,3600.0,0.0,522.0,1,1,1,14.5
1088,2,1,1000.0,0,0.0,0.0,0.0,0.0,0,0,0,100.0
1089,3,1,43000.0,0,0.0,0.0,0.0,0.0,0,0,0,100.0
1090,1,1,0.0,0,0.0,0.0,0.0,0.0,0,0,0,100.0
1091,4,1,42025.0,700,0.0,7614.0,0.0,230.0,1,0,1,3.02
1092,4,1,17000.0,0,0.0,0.0,0.0,0.0,0,0,0,100.0
1093,2,1,0.0,0,0.0,0.0,0.0,0.0,0,0,0,100.0
1094,1,1,500.0,0,0.0,0.0,0.0,0.0,0,0,0,100.0
1095,1,1,500.0,0,0.0,0.0,0.0,0.0,0,0,0,100.0
1096,3,1,34322.0,700,235.0,3726.667,0.0,254.0,1,1,1,6.82
1097,3,1,20000.0,700,600.0,7166.667,0.0,60.0,1,1,1,0.84
1098,3,1,5060.0,0,0.0,0.0,0.0,0.0,0,0,0,100.0
1099,3,1,5000.0,600,0.0,2417.917,1470.0,159.0,1,0,1,4.09
1100,3,1,35000.0,700,300.0,3640.0,0.0,35.0,1,1,1,0.96
1101,3,1,600.0,0,0.0,2500.0,0.0,0.0,0,0,0,0.0
1102,1,1,3000.0,700,300.0,3000.0,0.0,108.0,1,1,1,3.6
1103,3,1,10000.0,600,0.0,878.0,0.0,0.0,0,0,1,0.0
1104,4,1,4000.0,800,1217.0,10833.333,0.0,435.0,1,1,1,4.02
1105,4,1,19000.0,700,1300.0,9000.0,0.0,1387.0,1,1,1,15.41
1106,3,1,23000.0,700,148.0,3000.0,0.0,298.0,1,1,1,9.93
1107,4,1,20000.0,800,0.0,4390.0,1260.0,342.0,1,0,1,6.05
1108,2,1,10000.0,800,0.0,5500.0,0.0,2509.0,1,0,1,45.62
1109,4,1,15300.0,600,750.0,4550.0,0.0,511.0,1,1,1,11.23
1110,3,1,35000.0,800,0.0,12068.0,2568.0,570.0,1,0,1,3.89
1111,2,1,250.0,0,300.0,3800.0,0.0,0.0,0,1,0,0.0
1112,3,1,30000.0,700,300.0,3200.0,0.0,59.0,1,1,1,1.84
1113,3,1,30000.0,800,0.0,3282.0,0.0,0.0,0,0,1,0.0
1114,4,1,101000.0,700,0.0,8690.5,0.0,1632.9,1,0,1,18.79
1115,2,1,0.0,0,0.0,0.0,0.0,0.0,0,0,0,100.0
1116,3,1,15000.0,0,0.0,0.0,0.0,0.0,0,0,0,100.0
1117,1,1,500.0,0,650.0,8000.0,0.0,0.0,0,1,0,0.0
1118,1,1,500.0,0,0.0,0.0,0.0,0.0,0,0,0,100.0
1119,3,1,12000.0,600,0.0,2300.0,0.0,179.0,1,0,1,7.78
1120,4,1,10800.0,0,0.0,0.0,0.0,0.0,0,0,0,100.0
1121,4,1,25000.0,0,0.0,0.0,0.0,0.0,0,0,0,100.0
1122,3,1,30000.0,700,0.0,8166.667,0.0,1738.0,1,0,1,21.28
1123,3,1,10000.0,700,300.0,8333.333,0.0,499.0,1,1,1,5.99
1124,3,1,25075.0,800,0.0,6500.0,0.0,500.0,1,0,1,7.69
1125,1,1,20000.0,0,1704.0,12855.0,0.0,0.0,0,1,0,0.0
1126,2,1,2000.0,0,0.0,0.0,0.0,0.0,0,0,0,100.0
1127,2,1,5000.0,700,200.0,6000.0,0.0,39.0,1,1,1,0.65
1128,3,1,10000.0,700,0.0,5000.0,0.0,2008.58,1,0,1,40.17
1129,3,1,30725.0,600,0.0,6666.667,0.0,3300.0,1,0,1,49.5
1130,3,1,40000.0,0,0.0,0.0,0.0,0.0,0,0,0,100.0
1131,3,1,12500.0,0,0.0,0.0,0.0,0.0,0,0,0,100.0
1132,3,1,35000.0,700,266.0,3900.0,0.0,15.0,1,1,1,0.38
1133,3,1,31900.0,700,1100.0,6020.0,0.0,902.0,1,1,1,14.98
1134,3,1,10000.0,600,350.0,2025.0,500.0,202.0,1,1,1,8.0
1135,3,1,5000.0,800,550.0,3466.667,0.0,65.0,1,1,1,1.87
1136,3,1,8000.0,600,1100.0,3673.417,0.0,315.0,1,1,1,8.58
1137,3,1,24760.0,700,486.0,3466.667,0.0,401.0,1,1,1,11.57
1138,1,1,500.0,600,725.0,6666.667,0.0,0.0,0,1,1,0.0
1139,3,1,17000.0,800,1900.0,8815.0,0.0,258.0,1,1,1,2.93
1140,3,1,20000.0,600,0.0,6218.333,0.0,1797.0,1,0,1,28.9
1141,2,1,500.0,0,1616.0,1965.0,0.0,0.0,0,1,0,0.0
1143,3,1,35000.0,700,1392.0,5200.0,700.0,1029.63,1,1,1,17.45
1144,3,1,5000.0,700,500.0,3033.333,0.0,91.0,1,1,1,3.0
1145,3,1,36000.0,700,0.0,4351.0,0.0,39.0,1,0,1,0.9
1146,3,1,5500.0,700,0.0,0.0,0.0,1036.0,1,0,1,100.0
1147,4,1,7000.0,700,0.0,3500.0,3500.0,215.0,1,0,1,3.07
1148,2,1,900.0,0,450.0,3750.0,0.0,0.0,0,1,0,0.0
1149,3,1,1000.0,0,200.0,1733.333,0.0,0.0,0,1,0,0.0
1150,3,1,35000.0,700,0.0,8000.0,0.0,3384.0,1,0,1,42.3
1151,2,1,250.0,600,650.0,2773.333,0.0,83.0,1,1,1,2.99
1152,4,1,10000.0,700,800.0,4550.0,0.0,99.0,1,1,1,2.18
1153,1,1,3000.0,0,0.0,0.0,0.0,0.0,0,0,0,100.0
1154,3,1,2800.0,700,800.0,2684.64,0.0,99.0,1,1,1,3.69
1155,3,1,35000.0,700,0.0,5067.0,0.0,1518.0,1,0,1,29.96
1156,3,1,5000.0,700,0.0,4000.0,0.0,0.0,0,0,1,0.0
1157,1,1,500.0,600,1100.0,821.0,821.0,0.0,0,1,1,0.0
1158,3,1,10000.0,700,400.0,7500.0,0.0,443.0,1,1,1,5.91
1159,3,1,2500.0,700,553.0,3250.0,0.0,48.0,1,1,1,1.48
1160,3,1,5500.0,700,0.0,6333.167,0.0,336.0,1,0,1,5.31
1161,3,1,12560.0,600,800.0,4690.0,0.0,203.0,1,1,1,4.33
1162,3,1,16000.0,800,1700.0,10000.0,0.0,396.0,1,1,1,3.96
1163,3,1,50000.0,800,0.0,8000.0,0.0,477.0,1,0,1,5.96
1164,4,1,100000.0,0,0.0,0.0,0.0,0.0,0,0,0,100.0
1165,3,1,13387.0,0,0.0,0.0,0.0,0.0,0,0,0,100.0
1166,3,1,17099.0,0,0.0,0.0,0.0,0.0,0,0,0,100.0
1167,3,1,73000.0,0,0.0,0.0,0.0,0.0,0,0,0,100.0
1168,3,1,17400.0,700,0.0,2195.0,2195.0,96.0,1,0,1,2.19
1169,4,1,75000.0,700,0.0,4306.0,0.0,1718.0,1,0,1,39.9
1170,2,1,1000.0,700,1065.0,3177.63,0.0,65.0,1,1,1,2.05
1171,1,1,500.0,800,1000.0,5000.0,0.0,0.0,0,1,1,0.0
1172,3,1,35000.0,800,0.0,2000.0,0.0,0.0,0,0,1,0.0
1173,3,1,5000.0,800,0.0,3628.14,3628.14,25.0,1,0,1,0.34
1174,4,1,29750.0,700,0.0,7500.0,0.0,690.0,1,0,1,9.2
1175,4,1,17679.0,700,350.0,3800.0,0.0,520.0,1,1,1,13.68
1176,4,1,25000.0,700,1000.0,2500.0,0.0,442.96,1,1,1,17.72
1177,4,1,15000.0,800,0.0,6300.0,4800.0,1985.0,1,0,1,17.88
1178,3,1,100000.0,800,0.0,13702.92,952.0,341.0,1,0,1,2.33
1179,3,1,13900.0,700,0.0,6666.667,0.0,1289.0,1,0,1,19.33
1180,4,1,5000.0,0,0.0,1200.0,1200.0,0.0,0,0,0,0.0
1181,4,1,50000.0,800,1208.0,3033.333,0.0,71.45,1,1,1,2.36
1182,2,1,200.0,0,1500.0,4000.0,0.0,0.0,0,1,0,0.0
1183,3,1,12115.0,600,750.0,4000.0,0.0,125.0,1,1,1,3.12
1184,1,1,3000.0,700,600.0,3600.0,200.0,470.0,1,1,1,12.37
1185,3,1,25808.0,600,1450.0,7000.0,0.0,895.0,1,1,1,12.79
1186,3,1,20000.0,0,0.0,1467.0,1467.0,0.0,0,0,0,0.0
1187,3,1,33500.0,600,500.0,7666.667,0.0,328.0,1,1,1,4.28
1188,1,1,500.0,600,450.0,1950.0,0.0,0.0,0,1,1,0.0
1189,3,1,35000.0,800,110.0,3141.667,0.0,515.0,1,1,1,16.39
1190,3,1,13290.84,0,0.0,0.0,0.0,0.0,0,0,0,100.0
1191,1,1,500.0,0,400.0,2500.0,0.0,0.0,0,1,0,0.0
1192,3,1,35000.0,0,0.0,0.0,0.0,0.0,0,0,0,100.0
1193,1,1,5000.0,0,0.0,0.0,0.0,0.0,0,0,0,100.0
1194,3,1,3195.0,0,0.0,0.0,0.0,0.0,0,0,0,100.0
1195,3,1,12145.0,700,0.0,8333.333,0.0,3015.0,1,0,1,36.18
1196,4,1,2550.0,0,0.0,0.0,0.0,0.0,0,0,0,100.0
1197,4,1,17053.0,0,0.0,0.0,0.0,0.0,0,0,0,100.0
1198,3,1,13000.0,700,300.0,3141.667,0.0,0.0,0,1,1,0.0
1199,3,1,30000.0,700,1600.0,10800.0,10800.0,1481.84,1,1,1,6.86
1200,3,1,5000.0,700,0.0,100.0,0.0,44.0,1,0,1,44.0
1201,1,1,1000.0,600,495.0,2600.0,0.0,0.0,0,1,1,0.0
